areaType,areaName,areaCode,date,newCasesBySpecimenDate,cumCasesBySpecimenDate,newFirstEpisodesBySpecimenDate,cumFirstEpisodesBySpecimenDate,newReinfectionsBySpecimenDate,cumReinfectionsBySpecimenDate,newCasesYesterday
nation,England,E92000001,2022/10/12,5146,20086702,3650,18788396,1496,1298306,7894
nation,England,E92000001,2022/10/11,7894,20081556,5765,18784746,2129,1296810,9283
nation,England,E92000001,2022/10/10,9283,20073662,6679,18778981,2604,1294681,7843
nation,England,E92000001,2022/10/9,7843,20064379,5757,18772302,2086,1292077,6393
nation,England,E92000001,2022/10/8,6393,20056536,4826,18766545,1567,1289991,8028
nation,England,E92000001,2022/10/7,8028,20050143,5996,18761719,2032,1288424,8516
nation,England,E92000001,2022/10/6,8516,20042115,6392,18755723,2124,1286392,9340
nation,England,E92000001,2022/10/5,9340,20033599,6876,18749331,2464,1284268,10134
nation,England,E92000001,2022/10/4,10134,20024259,7464,18742455,2670,1281804,10825
nation,England,E92000001,2022/10/3,10825,20014125,7929,18734991,2896,1279134,8573
nation,England,E92000001,2022/10/2,8573,20003300,6463,18727062,2110,1276238,6552
nation,England,E92000001,2022/10/1,6552,19994727,5026,18720599,1526,1274128,7071
nation,England,E92000001,2022/9/30,7071,19988175,5431,18715573,1640,1272602,7321
nation,England,E92000001,2022/9/29,7321,19981104,5530,18710142,1791,1270962,7759
nation,England,E92000001,2022/9/28,7759,19973783,5829,18704612,1930,1269171,7603
nation,England,E92000001,2022/9/27,7603,19966024,5616,18698783,1987,1267241,8018
nation,England,E92000001,2022/9/26,8018,19958421,5854,18693167,2164,1265254,6722
nation,England,E92000001,2022/9/25,6722,19950403,4946,18687313,1776,1263090,5302
nation,England,E92000001,2022/9/24,5302,19943681,3999,18682367,1303,1261314,5995
nation,England,E92000001,2022/9/23,5995,19938379,4518,18678368,1477,1260011,6285
nation,England,E92000001,2022/9/22,6285,19932384,4629,18673850,1656,1258534,6915
nation,England,E92000001,2022/9/21,6915,19926099,5066,18669221,1849,1256878,7194
nation,England,E92000001,2022/9/20,7194,19919184,5159,18664155,2035,1255029,5701
nation,England,E92000001,2022/9/19,5701,19911990,4021,18658996,1680,1252994,3937
nation,England,E92000001,2022/9/18,3937,19906289,2881,18654975,1056,1251314,3176
nation,England,E92000001,2022/9/17,3176,19902352,2376,18652094,800,1250258,3700
nation,England,E92000001,2022/9/16,3700,19899176,2737,18649718,963,1249458,4176
nation,England,E92000001,2022/9/15,4176,19895476,3003,18646981,1173,1248495,4404
nation,England,E92000001,2022/9/14,4404,19891300,3199,18643978,1205,1247322,4556
nation,England,E92000001,2022/9/13,4556,19886896,3378,18640779,1178,1246117,4676
nation,England,E92000001,2022/9/12,4676,19882340,3327,18637401,1349,1244939,3869
nation,England,E92000001,2022/9/11,3869,19877664,2828,18634074,1041,1243590,2855
nation,England,E92000001,2022/9/10,2855,19873795,2114,18631246,741,1242549,3097
nation,England,E92000001,2022/9/9,3097,19870940,2323,18629132,774,1241808,3250
nation,England,E92000001,2022/9/8,3250,19867843,2370,18626809,880,1241034,3743
nation,England,E92000001,2022/9/7,3743,19864593,2733,18624439,1010,1240154,3930
nation,England,E92000001,2022/9/6,3930,19860850,2859,18621706,1071,1239144,4382
nation,England,E92000001,2022/9/5,4382,19856920,3149,18618847,1233,1238073,3759
nation,England,E92000001,2022/9/4,3759,19852538,2770,18615698,989,1236840,2969
nation,England,E92000001,2022/9/3,2969,19848779,2211,18612928,758,1235851,3235
nation,England,E92000001,2022/9/2,3235,19845810,2433,18610717,802,1235093,3760
nation,England,E92000001,2022/9/1,3760,19842575,2732,18608284,1028,1234291,3964
nation,England,E92000001,2022/8/31,3964,19838815,2926,18605552,1038,1233263,4473
nation,England,E92000001,2022/8/30,4473,19834851,3161,18602626,1312,1232225,3936
nation,England,E92000001,2022/8/29,3936,19830378,2840,18599465,1096,1230913,2881
nation,England,E92000001,2022/8/28,2881,19826442,2192,18596625,689,1229817,2586
nation,England,E92000001,2022/8/27,2586,19823561,1963,18594433,623,1229128,2988
nation,England,E92000001,2022/8/26,2988,19820975,2283,18592470,705,1228505,3252
nation,England,E92000001,2022/8/25,3252,19817987,2396,18590187,856,1227800,3894
nation,England,E92000001,2022/8/24,3894,19814735,2889,18587791,1005,1226944,4015
nation,England,E92000001,2022/8/23,4015,19810841,3005,18584902,1010,1225939,4505
nation,England,E92000001,2022/8/22,4505,19806826,3323,18581897,1182,1224929,3534
nation,England,E92000001,2022/8/21,3534,19802321,2604,18578574,930,1223747,2828
nation,England,E92000001,2022/8/20,2828,19798787,2167,18575970,661,1222817,3313
nation,England,E92000001,2022/8/19,3313,19795959,2486,18573803,827,1222156,3856
nation,England,E92000001,2022/8/18,3856,19792646,2870,18571317,986,1221329,4381
nation,England,E92000001,2022/8/17,4381,19788790,3264,18568447,1117,1220343,4827
nation,England,E92000001,2022/8/16,4827,19784409,3605,18565183,1222,1219226,5592
nation,England,E92000001,2022/8/15,5592,19779582,4170,18561578,1422,1218004,4778
nation,England,E92000001,2022/8/14,4778,19773990,3619,18557408,1159,1216582,3967
nation,England,E92000001,2022/8/13,3967,19769212,3044,18553789,923,1215423,4774
nation,England,E92000001,2022/8/12,4774,19765245,3650,18550745,1124,1214500,5440
nation,England,E92000001,2022/8/11,5440,19760471,4078,18547095,1362,1213376,5989
nation,England,E92000001,2022/8/10,5989,19755031,4498,18543017,1491,1212014,6460
nation,England,E92000001,2022/8/9,6460,19749042,4924,18538519,1536,1210523,7223
nation,England,E92000001,2022/8/8,7223,19742582,5307,18533595,1916,1208987,5898
nation,England,E92000001,2022/8/7,5898,19735359,4492,18528288,1406,1207071,4850
nation,England,E92000001,2022/8/6,4850,19729461,3759,18523796,1091,1205665,5858
nation,England,E92000001,2022/8/5,5858,19724611,4489,18520037,1369,1204574,6517
nation,England,E92000001,2022/8/4,6517,19718753,4970,18515548,1547,1203205,7410
nation,England,E92000001,2022/8/3,7410,19712236,5718,18510578,1692,1201658,8161
nation,England,E92000001,2022/8/2,8161,19704826,6172,18504860,1989,1199966,8812
nation,England,E92000001,2022/8/1,8812,19696665,6647,18498688,2165,1197977,7667
nation,England,E92000001,2022/7/31,7667,19687853,5885,18492041,1782,1195812,6612
nation,England,E92000001,2022/7/30,6612,19680186,5145,18486156,1467,1194030,7582
nation,England,E92000001,2022/7/29,7582,19673574,5849,18481011,1733,1192563,8338
nation,England,E92000001,2022/7/28,8338,19665992,6349,18475162,1989,1190830,9431
nation,England,E92000001,2022/7/27,9431,19657654,7187,18468813,2244,1188841,10480
nation,England,E92000001,2022/7/26,10480,19648223,8051,18461626,2429,1186597,11927
nation,England,E92000001,2022/7/25,11927,19637743,9137,18453575,2790,1184168,10213
nation,England,E92000001,2022/7/24,10213,19625816,7838,18444438,2375,1181378,8905
nation,England,E92000001,2022/7/23,8905,19615603,6974,18436600,1931,1179003,11175
nation,England,E92000001,2022/7/22,11175,19606698,8656,18429626,2519,1177072,12788
nation,England,E92000001,2022/7/21,12788,19595523,9869,18420970,2919,1174553,14533
nation,England,E92000001,2022/7/20,14533,19582735,11290,18411101,3243,1171634,14864
nation,England,E92000001,2022/7/19,14864,19568202,11346,18399811,3518,1168391,16915
nation,England,E92000001,2022/7/18,16915,19553338,12793,18388465,4122,1164873,15704
nation,England,E92000001,2022/7/17,15704,19536423,12072,18375672,3632,1160751,13671
nation,England,E92000001,2022/7/16,13671,19520719,10675,18363600,2996,1157119,16625
nation,England,E92000001,2022/7/15,16625,19507048,12841,18352925,3784,1154123,19340
nation,England,E92000001,2022/7/14,19340,19490423,14752,18340084,4588,1150339,21639
nation,England,E92000001,2022/7/13,21639,19471083,16642,18325332,4997,1145751,24372
nation,England,E92000001,2022/7/12,24372,19449444,18601,18308690,5771,1140754,27195
nation,England,E92000001,2022/7/11,27195,19425072,20616,18290089,6579,1134983,23039
nation,England,E92000001,2022/7/10,23039,19397877,17802,18269473,5237,1128404,19351
nation,England,E92000001,2022/7/9,19351,19374838,15266,18251671,4085,1123167,22169
nation,England,E92000001,2022/7/8,22169,19355487,17500,18236405,4669,1119082,24048
nation,England,E92000001,2022/7/7,24048,19333318,18599,18218905,5449,1114413,26731
nation,England,E92000001,2022/7/6,26731,19309270,20642,18200306,6089,1108964,28115
nation,England,E92000001,2022/7/5,28115,19282539,21782,18179664,6333,1102875,30383
nation,England,E92000001,2022/7/4,30383,19254424,23333,18157882,7050,1096542,25170
nation,England,E92000001,2022/7/3,25170,19224041,19475,18134549,5695,1089492,19589
nation,England,E92000001,2022/7/2,19589,19198871,15549,18115074,4040,1083797,21060
nation,England,E92000001,2022/7/1,21060,19179282,16745,18099525,4315,1079757,21507
nation,England,E92000001,2022/6/30,21507,19158222,16831,18082780,4676,1075442,21720
nation,England,E92000001,2022/6/29,21720,19136715,17057,18065949,4663,1070766,21868
nation,England,E92000001,2022/6/28,21868,19114995,17359,18048892,4509,1066103,21896
nation,England,E92000001,2022/6/27,21896,19093127,17276,18031533,4620,1061594,18037
nation,England,E92000001,2022/6/26,18037,19071231,14409,18014257,3628,1056974,14472
nation,England,E92000001,2022/6/25,14472,19053194,11841,17999848,2631,1053346,15623
nation,England,E92000001,2022/6/24,15623,19038722,12676,17988007,2947,1050715,16696
nation,England,E92000001,2022/6/23,16696,19023099,13493,17975331,3203,1047768,17761
nation,England,E92000001,2022/6/22,17761,19006403,14458,17961838,3303,1044565,17529
nation,England,E92000001,2022/6/21,17529,18988642,14193,17947380,3336,1041262,16917
nation,England,E92000001,2022/6/20,16917,18971113,13610,17933187,3307,1037926,14523
nation,England,E92000001,2022/6/19,14523,18954196,11856,17919577,2667,1034619,11636
nation,England,E92000001,2022/6/18,11636,18939673,9652,17907721,1984,1031952,11641
nation,England,E92000001,2022/6/17,11641,18928037,9632,17898069,2009,1029968,11911
nation,England,E92000001,2022/6/16,11911,18916396,9653,17888437,2258,1027959,12386
nation,England,E92000001,2022/6/15,12386,18904485,10105,17878784,2281,1025701,12660
nation,England,E92000001,2022/6/14,12660,18892099,10409,17868679,2251,1023420,12955
nation,England,E92000001,2022/6/13,12955,18879439,10469,17858270,2486,1021169,10716
nation,England,E92000001,2022/6/12,10716,18866484,8836,17847801,1880,1018683,8466
nation,England,E92000001,2022/6/11,8466,18855768,7041,17838965,1425,1016803,9154
nation,England,E92000001,2022/6/10,9154,18847302,7638,17831924,1516,1015378,9588
nation,England,E92000001,2022/6/9,9588,18838148,7902,17824286,1686,1013862,9953
nation,England,E92000001,2022/6/8,9953,18828560,8184,17816384,1769,1012176,9482
nation,England,E92000001,2022/6/7,9482,18818607,7811,17808200,1671,1010407,9799
nation,England,E92000001,2022/6/6,9799,18809125,8049,17800389,1750,1008736,8351
nation,England,E92000001,2022/6/5,8351,18799326,6942,17792340,1409,1006986,6277
nation,England,E92000001,2022/6/4,6277,18790975,5357,17785398,920,1005577,5582
nation,England,E92000001,2022/6/3,5582,18784698,4791,17780041,791,1004657,5081
nation,England,E92000001,2022/6/2,5081,18779116,4334,17775250,747,1003866,5713
nation,England,E92000001,2022/6/1,5713,18774035,4956,17770916,757,1003119,5732
nation,England,E92000001,2022/5/31,5732,18768322,4902,17765960,830,1002362,5927
nation,England,E92000001,2022/5/30,5927,18762590,5040,17761058,887,1001532,4686
nation,England,E92000001,2022/5/29,4686,18756663,3995,17756018,691,1000645,4153
nation,England,E92000001,2022/5/28,4153,18751977,3561,17752023,592,999954,4492
nation,England,E92000001,2022/5/27,4492,18747824,3825,17748462,667,999362,4818
nation,England,E92000001,2022/5/26,4818,18743332,4000,17744637,818,998695,5190
nation,England,E92000001,2022/5/25,5190,18738514,4305,17740637,885,997877,5593
nation,England,E92000001,2022/5/24,5593,18733324,4648,17736332,945,996992,6247
nation,England,E92000001,2022/5/23,6247,18727731,5123,17731684,1124,996047,5151
nation,England,E92000001,2022/5/22,5151,18721484,4345,17726561,806,994923,4243
nation,England,E92000001,2022/5/21,4243,18716333,3589,17722216,654,994117,5047
nation,England,E92000001,2022/5/20,5047,18712090,4238,17718627,809,993463,5784
nation,England,E92000001,2022/5/19,5784,18707043,4731,17714389,1053,992654,6390
nation,England,E92000001,2022/5/18,6390,18701259,5315,17709658,1075,991601,6831
nation,England,E92000001,2022/5/17,6831,18694869,5676,17704343,1155,990526,7883
nation,England,E92000001,2022/5/16,7883,18688038,6453,17698667,1430,989371,6730
nation,England,E92000001,2022/5/15,6730,18680155,5637,17692214,1093,987941,5139
nation,England,E92000001,2022/5/14,5139,18673425,4312,17686577,827,986848,5790
nation,England,E92000001,2022/5/13,5790,18668286,4902,17682265,888,986021,6374
nation,England,E92000001,2022/5/12,6374,18662496,5340,17677363,1034,985133,7262
nation,England,E92000001,2022/5/11,7262,18656122,6062,17672023,1200,984099,8152
nation,England,E92000001,2022/5/10,8152,18648860,6773,17665961,1379,982899,8871
nation,England,E92000001,2022/5/9,8871,18640708,7327,17659188,1544,981520,7664
nation,England,E92000001,2022/5/8,7664,18631837,6417,17651861,1247,979976,6353
nation,England,E92000001,2022/5/7,6353,18624173,5445,17645444,908,978729,7509
nation,England,E92000001,2022/5/6,7509,18617820,6365,17639999,1144,977821,8582
nation,England,E92000001,2022/5/5,8582,18610311,7205,17633634,1377,976677,9775
nation,England,E92000001,2022/5/4,9775,18601729,8234,17626429,1541,975300,11149
nation,England,E92000001,2022/5/3,11149,18591954,9301,17618195,1848,973759,10327
nation,England,E92000001,2022/5/2,10327,18580805,8728,17608894,1599,971911,7718
nation,England,E92000001,2022/5/1,7718,18570478,6638,17600166,1080,970312,6864
nation,England,E92000001,2022/4/30,6864,18562760,5945,17593528,919,969232,7987
nation,England,E92000001,2022/4/29,7987,18555896,6855,17587583,1132,968313,9048
nation,England,E92000001,2022/4/28,9048,18547909,7712,17580728,1336,967181,10117
nation,England,E92000001,2022/4/27,10117,18538861,8628,17573016,1489,965845,11293
nation,England,E92000001,2022/4/26,11293,18528744,9634,17564388,1659,964356,13395
nation,England,E92000001,2022/4/25,13395,18517451,11277,17554754,2118,962697,11867
nation,England,E92000001,2022/4/24,11867,18504056,10248,17543477,1619,960579,10571
nation,England,E92000001,2022/4/23,10571,18492189,9262,17533229,1309,958960,12520
nation,England,E92000001,2022/4/22,12520,18481618,10848,17523967,1672,957651,14518
nation,England,E92000001,2022/4/21,14518,18469098,12569,17513119,1949,955979,16963
nation,England,E92000001,2022/4/20,16963,18454580,14762,17500550,2201,954030,20591
nation,England,E92000001,2022/4/19,20591,18437617,17774,17485788,2817,951829,20561
nation,England,E92000001,2022/4/18,20561,18417026,17869,17468014,2692,949012,16262
nation,England,E92000001,2022/4/17,16262,18396465,14390,17450145,1872,946320,16087
nation,England,E92000001,2022/4/16,16087,18380203,14358,17435755,1729,944448,17301
nation,England,E92000001,2022/4/15,17301,18364116,15377,17421397,1924,942719,21434
nation,England,E92000001,2022/4/14,21434,18346815,18974,17406020,2460,940795,25506
nation,England,E92000001,2022/4/13,25506,18325381,22617,17387046,2889,938335,27380
nation,England,E92000001,2022/4/12,27380,18299875,24176,17364429,3204,935446,30597
nation,England,E92000001,2022/4/11,30597,18272495,26941,17340253,3656,932242,25638
nation,England,E92000001,2022/4/10,25638,18241898,22867,17313312,2771,928586,23014
nation,England,E92000001,2022/4/9,23014,18216260,20508,17290445,2506,925815,27388
nation,England,E92000001,2022/4/8,27388,18193246,24305,17269937,3083,923309,31745
nation,England,E92000001,2022/4/7,31745,18165858,27979,17245632,3766,920226,36888
nation,England,E92000001,2022/4/6,36888,18134113,32599,17217653,4289,916460,40394
nation,England,E92000001,2022/4/5,40394,18097225,35750,17185054,4644,912171,45133
nation,England,E92000001,2022/4/4,45133,18056831,39801,17149304,5332,907527,35601
nation,England,E92000001,2022/4/3,35601,18011698,31740,17109503,3861,902195,31605
nation,England,E92000001,2022/4/2,31605,17976097,28257,17077763,3348,898334,40343
nation,England,E92000001,2022/4/1,40343,17944492,35906,17049506,4437,894986,45876
nation,England,E92000001,2022/3/31,45876,17904149,40704,17013600,5172,890549,62747
nation,England,E92000001,2022/3/30,62747,17858273,55344,16972896,7403,885377,67443
nation,England,E92000001,2022/3/29,67443,17795526,59381,16917552,8062,877974,78903
nation,England,E92000001,2022/3/28,78903,17728083,69228,16858171,9675,869912,57998
nation,England,E92000001,2022/3/27,57998,17649180,51346,16788943,6652,860237,51773
nation,England,E92000001,2022/3/26,51773,17591182,46256,16737597,5517,853585,60256
nation,England,E92000001,2022/3/25,60256,17539409,53549,16691341,6707,848068,68603
nation,England,E92000001,2022/3/24,68603,17479153,60940,16637792,7663,841361,77596
nation,England,E92000001,2022/3/23,77596,17410550,68843,16576852,8753,833698,81847
nation,England,E92000001,2022/3/22,81847,17332954,72559,16508009,9288,824945,89906
nation,England,E92000001,2022/3/21,89906,17251107,79358,16435450,10548,815657,66902
nation,England,E92000001,2022/3/20,66902,17161201,59475,16356092,7427,805109,55211
nation,England,E92000001,2022/3/19,55211,17094299,49582,16296617,5629,797682,61903
nation,England,E92000001,2022/3/18,61903,17039088,55417,16247035,6486,792053,67684
nation,England,E92000001,2022/3/17,67684,16977185,60469,16191618,7215,785567,73954
nation,England,E92000001,2022/3/16,73954,16909501,66033,16131149,7921,778352,74100
nation,England,E92000001,2022/3/15,74100,16835547,66267,16065116,7833,770431,79517
nation,England,E92000001,2022/3/14,79517,16761447,70930,15998849,8587,762598,60265
nation,England,E92000001,2022/3/13,60265,16681930,53982,15927919,6283,754011,49154
nation,England,E92000001,2022/3/12,49154,16621665,44258,15873937,4896,747728,52270
nation,England,E92000001,2022/3/11,52270,16572511,47064,15829679,5206,742832,54298
nation,England,E92000001,2022/3/10,54298,16520241,48774,15782615,5524,737626,55490
nation,England,E92000001,2022/3/9,55490,16465943,49875,15733841,5615,732102,52340
nation,England,E92000001,2022/3/8,52340,16410453,47055,15683966,5285,726487,50984
nation,England,E92000001,2022/3/7,50984,16358113,45550,15636911,5434,721202,35912
nation,England,E92000001,2022/3/6,35912,16307129,32400,15591361,3512,715768,28504
nation,England,E92000001,2022/3/5,28504,16271217,25907,15558961,2597,712256,30605
nation,England,E92000001,2022/3/4,30605,16242713,27716,15533054,2889,709659,31533
nation,England,E92000001,2022/3/3,31533,16212108,28490,15505338,3043,706770,33360
nation,England,E92000001,2022/3/2,33360,16180575,30085,15476848,3275,703727,31857
nation,England,E92000001,2022/3/1,31857,16147215,28981,15446763,2876,700452,31858
nation,England,E92000001,2022/2/28,31858,16115358,28808,15417782,3050,697576,22165
nation,England,E92000001,2022/2/27,22165,16083500,20134,15388974,2031,694526,17601
nation,England,E92000001,2022/2/26,17601,16061335,16124,15368840,1477,692495,19532
nation,England,E92000001,2022/2/25,19532,16043734,17766,15352716,1766,691018,21883
nation,England,E92000001,2022/2/24,21883,16024202,19801,15334950,2082,689252,26008
nation,England,E92000001,2022/2/23,26008,16002319,23618,15315149,2390,687170,28019
nation,England,E92000001,2022/2/22,28019,15976311,25330,15291531,2689,684780,33030
nation,England,E92000001,2022/2/21,33030,15948292,29910,15266201,3120,682091,28408
nation,England,E92000001,2022/2/20,28408,15915262,25901,15236291,2507,678971,26430
nation,England,E92000001,2022/2/19,26430,15886854,24157,15210390,2273,676464,24922
nation,England,E92000001,2022/2/18,24922,15860424,22665,15186233,2257,674191,34168
nation,England,E92000001,2022/2/17,34168,15835502,30958,15163568,3210,671934,39443
nation,England,E92000001,2022/2/16,39443,15801334,35726,15132610,3717,668724,40144
nation,England,E92000001,2022/2/15,40144,15761891,36338,15096884,3806,665007,42491
nation,England,E92000001,2022/2/14,42491,15721747,38431,15060546,4060,661201,32326
nation,England,E92000001,2022/2/13,32326,15679256,29342,15022115,2984,657141,29140
nation,England,E92000001,2022/2/12,29140,15646930,26639,14992773,2501,654157,34942
nation,England,E92000001,2022/2/11,34942,15617790,31724,14966134,3218,651656,41331
nation,England,E92000001,2022/2/10,41331,15582848,37253,14934410,4078,648438,51015
nation,England,E92000001,2022/2/9,51015,15541517,45962,14897157,5053,644360,55437
nation,England,E92000001,2022/2/8,55437,15490502,49986,14851195,5451,639307,62672
nation,England,E92000001,2022/2/7,62672,15435065,56298,14801209,6374,633856,50143
nation,England,E92000001,2022/2/6,50143,15372393,45154,14744911,4989,627482,43233
nation,England,E92000001,2022/2/5,43233,15322250,39305,14699757,3928,622493,52556
nation,England,E92000001,2022/2/4,52556,15279017,47717,14660452,4839,618565,64031
nation,England,E92000001,2022/2/3,64031,15226461,57738,14612735,6293,613726,73907
nation,England,E92000001,2022/2/2,73907,15162430,66617,14554997,7290,607433,78512
nation,England,E92000001,2022/2/1,78512,15088523,70498,14488380,8014,600143,88500
nation,England,E92000001,2022/1/31,88500,15010011,79481,14417882,9019,592129,74976
nation,England,E92000001,2022/1/30,74976,14921511,67584,14338401,7392,583110,63018
nation,England,E92000001,2022/1/29,63018,14846535,57273,14270817,5745,575718,71682
nation,England,E92000001,2022/1/28,71682,14783517,64864,14213544,6818,569973,82727
nation,England,E92000001,2022/1/27,82727,14711835,74669,14148680,8058,563155,93211
nation,England,E92000001,2022/1/26,93211,14629108,83994,14074011,9217,555097,96954
nation,England,E92000001,2022/1/25,96954,14535897,87344,13990017,9610,545880,109233
nation,England,E92000001,2022/1/24,109233,14438943,98278,13902673,10955,536270,88557
nation,England,E92000001,2022/1/23,88557,14329710,80098,13804395,8459,525315,70483
nation,England,E92000001,2022/1/22,70483,14241153,64190,13724297,6293,516856,79172
nation,England,E92000001,2022/1/21,79172,14170670,71810,13660107,7362,510563,86953
nation,England,E92000001,2022/1/20,86953,14091498,78896,13588297,8057,503201,97334
nation,England,E92000001,2022/1/19,97334,14004545,88152,13509401,9182,495144,103308
nation,England,E92000001,2022/1/18,103308,13907211,93489,13421249,9819,485962,114776
nation,England,E92000001,2022/1/17,114776,13803903,103816,13327760,10960,476143,85596
nation,England,E92000001,2022/1/16,85596,13689127,77692,13223944,7904,465183,67820
nation,England,E92000001,2022/1/15,67820,13603531,62053,13146252,5767,457279,75174
nation,England,E92000001,2022/1/14,75174,13535711,68447,13084199,6727,451512,84132
nation,England,E92000001,2022/1/13,84132,13460537,76293,13015752,7839,444785,90002
nation,England,E92000001,2022/1/12,90002,13376405,81440,12939459,8562,436946,100978
nation,England,E92000001,2022/1/11,100978,13286403,91495,12858019,9483,428384,116341
nation,England,E92000001,2022/1/10,116341,13185425,105280,12766524,11061,418901,83079
nation,England,E92000001,2022/1/9,83079,13069084,75304,12661244,7775,407840,81218
nation,England,E92000001,2022/1/8,81218,12986005,73716,12585940,7502,400065,105081
nation,England,E92000001,2022/1/7,105081,12904787,94766,12512224,10315,392563,150786
nation,England,E92000001,2022/1/6,150786,12799706,134876,12417458,15910,382248,183794
nation,England,E92000001,2022/1/5,183794,12648920,164541,12282582,19253,366338,234873
nation,England,E92000001,2022/1/4,234873,12465126,210589,12118041,24284,347085,193612
nation,England,E92000001,2022/1/3,193612,12230253,173522,11907452,20090,322801,148606
nation,England,E92000001,2022/1/2,148606,12036641,133956,11733930,14650,302711,99297
nation,England,E92000001,2022/1/1,99297,11888035,90299,11599974,8998,288061,152884
nation,England,E92000001,2021/12/31,152884,11788738,138925,11509675,13959,279063,192822
nation,England,E92000001,2021/12/30,192822,11635854,175034,11370750,17788,265104,224026
nation,England,E92000001,2021/12/29,224026,11443032,204426,11195716,19600,247316,170580
nation,England,E92000001,2021/12/28,170580,11219006,155661,10991290,14919,227716,155564
nation,England,E92000001,2021/12/27,155564,11048426,142560,10835629,13004,212797,98906
nation,England,E92000001,2021/12/26,98906,10892862,91192,10693069,7714,199793,59912
nation,England,E92000001,2021/12/25,59912,10793956,55562,10601877,4350,192079,117562
nation,England,E92000001,2021/12/24,117562,10734044,108028,10546315,9534,187729,137022
nation,England,E92000001,2021/12/23,137022,10616482,125446,10438287,11576,178195,138142
nation,England,E92000001,2021/12/22,138142,10479460,126489,10312841,11653,166619,129598
nation,England,E92000001,2021/12/21,129598,10341318,119020,10186352,10578,154966,117577
nation,England,E92000001,2021/12/20,117577,10211720,108417,10067332,9160,144388,78493
nation,England,E92000001,2021/12/19,78493,10094143,72709,9958915,5784,135228,78930
nation,England,E92000001,2021/12/18,78930,10015650,73210,9886206,5720,129444,84949
nation,England,E92000001,2021/12/17,84949,9936720,78631,9812996,6318,123724,93798
nation,England,E92000001,2021/12/16,93798,9851771,86924,9734365,6874,117406,99651
nation,England,E92000001,2021/12/15,99651,9757973,92591,9647441,7060,110532,90715
nation,England,E92000001,2021/12/14,90715,9658322,84771,9554850,5944,103472,76508
nation,England,E92000001,2021/12/13,76508,9567607,72510,9470079,3998,97528,46366
nation,England,E92000001,2021/12/12,46366,9491099,44506,9397569,1860,93530,41940
nation,England,E92000001,2021/12/11,41940,9444733,40517,9353063,1423,91670,45017
nation,England,E92000001,2021/12/10,45017,9402793,43538,9312546,1479,90247,48816
nation,England,E92000001,2021/12/9,48816,9357776,47247,9269008,1569,88768,50057
nation,England,E92000001,2021/12/8,50057,9308960,48589,9221761,1468,87199,48140
nation,England,E92000001,2021/12/7,48140,9258903,46898,9173172,1242,85731,51121
nation,England,E92000001,2021/12/6,51121,9210763,49977,9126274,1144,84489,35037
nation,England,E92000001,2021/12/5,35037,9159642,34455,9076297,582,83345,33378
nation,England,E92000001,2021/12/4,33378,9124605,32835,9041842,543,82763,39222
nation,England,E92000001,2021/12/3,39222,9091227,38624,9009007,598,82220,43046
nation,England,E92000001,2021/12/2,43046,9052005,42394,8970383,652,81622,47262
nation,England,E92000001,2021/12/1,47262,9008959,46561,8927989,701,80970,47631
nation,England,E92000001,2021/11/30,47631,8961697,46945,8881428,686,80269,47940
nation,England,E92000001,2021/11/29,47940,8914066,47192,8834483,748,79583,33855
nation,England,E92000001,2021/11/28,33855,8866126,33398,8787291,457,78835,28456
nation,England,E92000001,2021/11/27,28456,8832271,28077,8753893,379,78378,33665
nation,England,E92000001,2021/11/26,33665,8803815,33212,8725816,453,77999,37142
nation,England,E92000001,2021/11/25,37142,8770150,36587,8692604,555,77546,39880
nation,England,E92000001,2021/11/24,39880,8733008,39314,8656017,566,76991,41015
nation,England,E92000001,2021/11/23,41015,8693128,40483,8616703,532,76425,42869
nation,England,E92000001,2021/11/22,42869,8652113,42310,8576220,559,75893,31763
nation,England,E92000001,2021/11/21,31763,8609244,31360,8533910,403,75334,29868
nation,England,E92000001,2021/11/20,29868,8577481,29498,8502550,370,74931,33186
nation,England,E92000001,2021/11/19,33186,8547613,32774,8473052,412,74561,37098
nation,England,E92000001,2021/11/18,37098,8514427,36606,8440278,492,74149,38256
nation,England,E92000001,2021/11/17,38256,8477329,37770,8403672,486,73657,38655
nation,England,E92000001,2021/11/16,38655,8439073,38111,8365902,544,73171,42478
nation,England,E92000001,2021/11/15,42478,8400418,41892,8327791,586,72627,29597
nation,England,E92000001,2021/11/14,29597,8357940,29239,8285899,358,72041,27356
nation,England,E92000001,2021/11/13,27356,8328343,27040,8256660,316,71683,31339
nation,England,E92000001,2021/11/12,31339,8300987,30920,8229620,419,71367,33700
nation,England,E92000001,2021/11/11,33700,8269648,33234,8198700,466,70948,35390
nation,England,E92000001,2021/11/10,35390,8235948,34911,8165466,479,70482,34679
nation,England,E92000001,2021/11/9,34679,8200558,34204,8130555,475,70003,36140
nation,England,E92000001,2021/11/8,36140,8165879,35609,8096351,531,69528,25447
nation,England,E92000001,2021/11/7,25447,8129739,25107,8060742,340,68997,22581
nation,England,E92000001,2021/11/6,22581,8104292,22280,8035635,301,68657,24405
nation,England,E92000001,2021/11/5,24405,8081711,24039,8013355,366,68356,27378
nation,England,E92000001,2021/11/4,27378,8057306,27032,7989316,346,67990,29396
nation,England,E92000001,2021/11/3,29396,8029928,29014,7962284,382,67644,31328
nation,England,E92000001,2021/11/2,31328,8000532,30911,7933270,417,67262,37663
nation,England,E92000001,2021/11/1,37663,7969204,37115,7902359,548,66845,29564
nation,England,E92000001,2021/10/31,29564,7931541,29166,7865244,398,66297,28243
nation,England,E92000001,2021/10/30,28243,7901977,27952,7836078,291,65899,33995
nation,England,E92000001,2021/10/29,33995,7873734,33562,7808126,433,65608,35077
nation,England,E92000001,2021/10/28,35077,7839739,34647,7774564,430,65175,36524
nation,England,E92000001,2021/10/27,36524,7804662,36100,7739917,424,64745,35276
nation,England,E92000001,2021/10/26,35276,7768138,34861,7703817,415,64321,39957
nation,England,E92000001,2021/10/25,39957,7732862,39459,7668956,498,63906,30092
nation,England,E92000001,2021/10/24,30092,7692905,29748,7629497,344,63408,29747
nation,England,E92000001,2021/10/23,29747,7662813,29419,7599749,328,63064,34507
nation,England,E92000001,2021/10/22,34507,7633066,34088,7570330,419,62736,38580
nation,England,E92000001,2021/10/21,38580,7598559,38112,7536242,468,62317,43963
nation,England,E92000001,2021/10/20,43963,7559979,43482,7498130,481,61849,44630
nation,England,E92000001,2021/10/19,44630,7516016,44105,7454648,525,61368,49257
nation,England,E92000001,2021/10/18,49257,7471386,48654,7410543,603,60843,37502
nation,England,E92000001,2021/10/17,37502,7422129,37121,7361889,381,60240,31639
nation,England,E92000001,2021/10/16,31639,7384627,31301,7324768,338,59859,36631
nation,England,E92000001,2021/10/15,36631,7352988,36254,7293467,377,59521,39263
nation,England,E92000001,2021/10/14,39263,7316357,38782,7257213,481,59144,40545
nation,England,E92000001,2021/10/13,40545,7277094,40094,7218431,451,58663,40892
nation,England,E92000001,2021/10/12,40892,7236549,40395,7178337,497,58212,43115
nation,England,E92000001,2021/10/11,43115,7195657,42656,7137942,459,57715,31499
nation,England,E92000001,2021/10/10,31499,7152542,31160,7095286,339,57256,27180
nation,England,E92000001,2021/10/9,27180,7121043,26865,7064126,315,56917,29848
nation,England,E92000001,2021/10/8,29848,7093863,29495,7037261,353,56602,32158
nation,England,E92000001,2021/10/7,32158,7064015,31790,7007766,368,56249,32547
nation,England,E92000001,2021/10/6,32547,7031857,32176,6975976,371,55881,32268
nation,England,E92000001,2021/10/5,32268,6999310,31874,6943800,394,55510,36476
nation,England,E92000001,2021/10/4,36476,6967042,36086,6911926,390,55116,27137
nation,England,E92000001,2021/10/3,27137,6930566,26847,6875840,290,54726,21873
nation,England,E92000001,2021/10/2,21873,6903429,21655,6848993,218,54436,24134
nation,England,E92000001,2021/10/1,24134,6881556,23857,6827338,277,54218,26809
nation,England,E92000001,2021/9/30,26809,6857422,26504,6803481,305,53941,28688
nation,England,E92000001,2021/9/29,28688,6830613,28378,6776977,310,53636,29627
nation,England,E92000001,2021/9/28,29627,6801925,29265,6748599,362,53326,34595
nation,England,E92000001,2021/9/27,34595,6772298,34165,6719334,430,52964,26814
nation,England,E92000001,2021/9/26,26814,6737703,26477,6685169,337,52534,23389
nation,England,E92000001,2021/9/25,23389,6710889,23118,6658692,271,52197,25755
nation,England,E92000001,2021/9/24,25755,6687500,25427,6635574,328,51926,28340
nation,England,E92000001,2021/9/23,28340,6661745,27940,6610147,400,51598,28789
nation,England,E92000001,2021/9/22,28789,6633405,28435,6582207,354,51198,30547
nation,England,E92000001,2021/9/21,30547,6604616,30181,6553772,366,50844,32121
nation,England,E92000001,2021/9/20,32121,6574069,31714,6523591,407,50478,24789
nation,England,E92000001,2021/9/19,24789,6541948,24479,6491877,310,50071,20926
nation,England,E92000001,2021/9/18,20926,6517159,20672,6467398,254,49761,22375
nation,England,E92000001,2021/9/17,22375,6496233,22113,6446726,262,49507,22319
nation,England,E92000001,2021/9/16,22319,6473858,22040,6424613,279,49245,22414
nation,England,E92000001,2021/9/15,22414,6451539,22148,6402573,266,48966,22640
nation,England,E92000001,2021/9/14,22640,6429125,22343,6380425,297,48700,25199
nation,England,E92000001,2021/9/13,25199,6406485,24869,6358082,330,48403,17879
nation,England,E92000001,2021/9/12,17879,6381286,17643,6333213,236,48073,16956
nation,England,E92000001,2021/9/11,16956,6363407,16740,6315570,216,47837,21031
nation,England,E92000001,2021/9/10,21031,6346451,20736,6298830,295,47621,24440
nation,England,E92000001,2021/9/9,24440,6325420,24122,6278094,318,47326,25659
nation,England,E92000001,2021/9/8,25659,6300980,25270,6253972,389,47008,27938
nation,England,E92000001,2021/9/7,27938,6275321,27585,6228702,353,46619,33135
nation,England,E92000001,2021/9/6,33135,6247383,32685,6201117,450,46266,23457
nation,England,E92000001,2021/9/5,23457,6214248,23160,6168432,297,45816,23409
nation,England,E92000001,2021/9/4,23409,6190791,23140,6145272,269,45519,28727
nation,England,E92000001,2021/9/3,28727,6167382,28365,6122132,362,45250,30637
nation,England,E92000001,2021/9/2,30637,6138655,30230,6093767,407,44888,31601
nation,England,E92000001,2021/9/1,31601,6108018,31217,6063537,384,44481,33565
nation,England,E92000001,2021/8/31,33565,6076417,33122,6032320,443,44097,24972
nation,England,E92000001,2021/8/30,24972,6042852,24647,5999198,325,43654,19151
nation,England,E92000001,2021/8/29,19151,6017880,18908,5974551,243,43329,20136
nation,England,E92000001,2021/8/28,20136,5998729,19901,5955643,235,43086,24251
nation,England,E92000001,2021/8/27,24251,5978593,23952,5935742,299,42851,26482
nation,England,E92000001,2021/8/26,26482,5954342,26116,5911790,366,42552,27901
nation,England,E92000001,2021/8/25,27901,5927860,27545,5885674,356,42186,28212
nation,England,E92000001,2021/8/24,28212,5899959,27836,5858129,376,41830,30333
nation,England,E92000001,2021/8/23,30333,5871747,29948,5830293,385,41454,22409
nation,England,E92000001,2021/8/22,22409,5841414,22157,5800345,252,41069,22602
nation,England,E92000001,2021/8/21,22602,5819005,22340,5778188,262,40817,25555
nation,England,E92000001,2021/8/20,25555,5796403,25234,5755848,321,40555,29080
nation,England,E92000001,2021/8/19,29080,5770848,28676,5730614,404,40234,31426
nation,England,E92000001,2021/8/18,31426,5741768,30979,5701938,447,39830,31094
nation,England,E92000001,2021/8/17,31094,5710342,30625,5670959,469,39383,30860
nation,England,E92000001,2021/8/16,30860,5679248,30423,5640334,437,38914,21279
nation,England,E92000001,2021/8/15,21279,5648388,21018,5609911,261,38477,21336
nation,England,E92000001,2021/8/14,21336,5627109,21103,5588893,233,38216,24991
nation,England,E92000001,2021/8/13,24991,5605773,24670,5567790,321,37983,27690
nation,England,E92000001,2021/8/12,27690,5580782,27304,5543120,386,37662,29134
nation,England,E92000001,2021/8/11,29134,5553092,28778,5515816,356,37276,27610
nation,England,E92000001,2021/8/10,27610,5523958,27216,5487038,394,36920,28292
nation,England,E92000001,2021/8/9,28292,5496348,27877,5459822,415,36526,20157
nation,England,E92000001,2021/8/8,20157,5468056,19901,5431945,256,36111,19957
nation,England,E92000001,2021/8/7,19957,5447899,19678,5412044,279,35855,24852
nation,England,E92000001,2021/8/6,24852,5427942,24500,5392366,352,35576,28125
nation,England,E92000001,2021/8/5,28125,5403090,27757,5367866,368,35224,28895
nation,England,E92000001,2021/8/4,28895,5374965,28499,5340109,396,34856,27061
nation,England,E92000001,2021/8/3,27061,5346070,26696,5311610,365,34460,26580
nation,England,E92000001,2021/8/2,26580,5319009,26198,5284914,382,34095,18714
nation,England,E92000001,2021/8/1,18714,5292429,18472,5258716,242,33713,18449
nation,England,E92000001,2021/7/31,18449,5273715,18172,5240244,277,33471,22110
nation,England,E92000001,2021/7/30,22110,5255266,21789,5222072,321,33194,25361
nation,England,E92000001,2021/7/29,25361,5233156,25012,5200283,349,32873,26925
nation,England,E92000001,2021/7/28,26925,5207795,26568,5175271,357,32524,26026
nation,England,E92000001,2021/7/27,26026,5180870,25650,5148703,376,32167,26540
nation,England,E92000001,2021/7/26,26540,5154844,26173,5123053,367,31791,19657
nation,England,E92000001,2021/7/25,19657,5128304,19405,5096880,252,31424,20276
nation,England,E92000001,2021/7/24,20276,5108647,20013,5077475,263,31172,24586
nation,England,E92000001,2021/7/23,24586,5088371,24280,5057462,306,30909,27711
nation,England,E92000001,2021/7/22,27711,5063785,27382,5033182,329,30603,31676
nation,England,E92000001,2021/7/21,31676,5036074,31292,5005800,384,30274,35948
nation,England,E92000001,2021/7/20,35948,5004398,35418,4974508,530,29890,43401
nation,England,E92000001,2021/7/19,43401,4968450,42819,4939090,582,29360,33163
nation,England,E92000001,2021/7/18,33163,4925049,32765,4896271,398,28778,35280
nation,England,E92000001,2021/7/17,35280,4891886,34904,4863506,376,28380,51137
nation,England,E92000001,2021/7/16,51137,4856606,50518,4828602,619,28004,57583
nation,England,E92000001,2021/7/15,57583,4805469,56823,4778084,760,27385,50319
nation,England,E92000001,2021/7/14,50319,4747886,49652,4721261,667,26625,43246
nation,England,E92000001,2021/7/13,43246,4697567,42656,4671609,590,25958,40478
nation,England,E92000001,2021/7/12,40478,4654321,39958,4628953,520,25368,27418
nation,England,E92000001,2021/7/11,27418,4613843,27133,4588995,285,24848,25411
nation,England,E92000001,2021/7/10,25411,4586425,25117,4561862,294,24563,29049
nation,England,E92000001,2021/7/9,29049,4561014,28692,4536745,357,24269,29925
nation,England,E92000001,2021/7/8,29925,4531965,29534,4508053,391,23912,34274
nation,England,E92000001,2021/7/7,34274,4502040,33813,4478519,461,23521,31627
nation,England,E92000001,2021/7/6,31627,4467766,31200,4444706,427,23060,30215
nation,England,E92000001,2021/7/5,30215,4436139,29762,4413506,453,22633,21806
nation,England,E92000001,2021/7/4,21806,4405924,21525,4383744,281,22180,20638
nation,England,E92000001,2021/7/3,20638,4384118,20365,4362219,273,21899,22288
nation,England,E92000001,2021/7/2,22288,4363480,21956,4341854,332,21626,24267
nation,England,E92000001,2021/7/1,24267,4341192,23840,4319898,427,21294,23941
nation,England,E92000001,2021/6/30,23941,4316925,23593,4296058,348,20867,23250
nation,England,E92000001,2021/6/29,23250,4292984,22881,4272465,369,20519,23511
nation,England,E92000001,2021/6/28,23511,4269734,23077,4249584,434,20150,15407
nation,England,E92000001,2021/6/27,15407,4246223,15150,4226507,257,19716,13486
nation,England,E92000001,2021/6/26,13486,4230816,13273,4211357,213,19459,14901
nation,England,E92000001,2021/6/25,14901,4217330,14626,4198084,275,19246,15082
nation,England,E92000001,2021/6/24,15082,4202429,14813,4183458,269,18971,14805
nation,England,E92000001,2021/6/23,14805,4187347,14523,4168645,282,18702,13564
nation,England,E92000001,2021/6/22,13564,4172542,13316,4154122,248,18420,12706
nation,England,E92000001,2021/6/21,12706,4158978,12485,4140806,221,18172,8204
nation,England,E92000001,2021/6/20,8204,4146272,8066,4128321,138,17951,7126
nation,England,E92000001,2021/6/19,7126,4138068,6989,4120255,137,17813,8772
nation,England,E92000001,2021/6/18,8772,4130942,8565,4113266,207,17676,9523
nation,England,E92000001,2021/6/17,9523,4122170,9293,4104701,230,17469,9411
nation,England,E92000001,2021/6/16,9411,4112647,9240,4095408,171,17239,9149
nation,England,E92000001,2021/6/15,9149,4103236,8931,4086168,218,17068,8941
nation,England,E92000001,2021/6/14,8941,4094087,8766,4077237,175,16850,6075
nation,England,E92000001,2021/6/13,6075,4085146,5957,4068471,118,16675,5422
nation,England,E92000001,2021/6/12,5422,4079071,5310,4062514,112,16557,6510
nation,England,E92000001,2021/6/11,6510,4073649,6375,4057204,135,16445,6717
nation,England,E92000001,2021/6/10,6717,4067139,6582,4050829,135,16310,6919
nation,England,E92000001,2021/6/9,6919,4060422,6794,4044247,125,16175,6630
nation,England,E92000001,2021/6/8,6630,4053503,6476,4037453,154,16050,6790
nation,England,E92000001,2021/6/7,6790,4046873,6648,4030977,142,15896,4729
nation,England,E92000001,2021/6/6,4729,4040083,4640,4024329,89,15754,3964
nation,England,E92000001,2021/6/5,3964,4035354,3909,4019689,55,15665,4885
nation,England,E92000001,2021/6/4,4885,4031390,4797,4015780,88,15610,5129
nation,England,E92000001,2021/6/3,5129,4026505,5017,4010983,112,15522,5039
nation,England,E92000001,2021/6/2,5039,4021376,4952,4005966,87,15410,4515
nation,England,E92000001,2021/6/1,4515,4016337,4391,4001014,124,15323,3170
nation,England,E92000001,2021/5/31,3170,4011822,3089,3996623,81,15199,2598
nation,England,E92000001,2021/5/30,2598,4008652,2551,3993534,47,15118,2462
nation,England,E92000001,2021/5/29,2462,4006054,2420,3990983,42,15071,2929
nation,England,E92000001,2021/5/28,2929,4003592,2853,3988563,76,15029,3075
nation,England,E92000001,2021/5/27,3075,4000663,2990,3985710,85,14953,3178
nation,England,E92000001,2021/5/26,3178,3997588,3098,3982720,80,14868,2797
nation,England,E92000001,2021/5/25,2797,3994410,2712,3979622,85,14788,2749
nation,England,E92000001,2021/5/24,2749,3991613,2658,3976910,91,14703,1918
nation,England,E92000001,2021/5/23,1918,3988864,1863,3974252,55,14612,1606
nation,England,E92000001,2021/5/22,1606,3986946,1554,3972389,52,14557,1870
nation,England,E92000001,2021/5/21,1870,3985340,1820,3970835,50,14505,2000
nation,England,E92000001,2021/5/20,2000,3983470,1934,3969015,66,14455,2260
nation,England,E92000001,2021/5/19,2260,3981470,2193,3967081,67,14389,2241
nation,England,E92000001,2021/5/18,2241,3979210,2165,3964888,76,14322,2341
nation,England,E92000001,2021/5/17,2341,3976969,2264,3962723,77,14246,1586
nation,England,E92000001,2021/5/16,1586,3974628,1541,3960459,45,14169,1304
nation,England,E92000001,2021/5/15,1304,3973042,1269,3958918,35,14124,1538
nation,England,E92000001,2021/5/14,1538,3971738,1480,3957649,58,14089,1737
nation,England,E92000001,2021/5/13,1737,3970200,1679,3956169,58,14031,1868
nation,England,E92000001,2021/5/12,1868,3968463,1797,3954490,71,13973,1871
nation,England,E92000001,2021/5/11,1871,3966595,1805,3952693,66,13902,2324
nation,England,E92000001,2021/5/10,2324,3964724,2259,3950888,65,13836,1985
nation,England,E92000001,2021/5/9,1985,3962400,1915,3948629,70,13771,1300
nation,England,E92000001,2021/5/8,1300,3960415,1259,3946714,41,13701,1656
nation,England,E92000001,2021/5/7,1656,3959115,1598,3945455,58,13660,1966
nation,England,E92000001,2021/5/6,1966,3957459,1883,3943857,83,13602,2203
nation,England,E92000001,2021/5/5,2203,3955493,2109,3941974,94,13519,2198
nation,England,E92000001,2021/5/4,2198,3953290,2119,3939865,79,13425,1806
nation,England,E92000001,2021/5/3,1806,3951092,1752,3937746,54,13346,1305
nation,England,E92000001,2021/5/2,1305,3949286,1257,3935994,48,13292,1209
nation,England,E92000001,2021/5/1,1209,3947981,1166,3934737,43,13244,1528
nation,England,E92000001,2021/4/30,1528,3946772,1456,3933571,72,13201,1901
nation,England,E92000001,2021/4/29,1901,3945244,1819,3932115,82,13129,2153
nation,England,E92000001,2021/4/28,2153,3943343,2080,3930296,73,13047,1808
nation,England,E92000001,2021/4/27,1808,3941190,1749,3928216,59,12974,2268
nation,England,E92000001,2021/4/26,2268,3939382,2164,3926467,104,12915,1897
nation,England,E92000001,2021/4/25,1897,3937114,1831,3924303,66,12811,1300
nation,England,E92000001,2021/4/24,1300,3935217,1256,3922472,44,12745,1701
nation,England,E92000001,2021/4/23,1701,3933917,1626,3921216,75,12701,2032
nation,England,E92000001,2021/4/22,2032,3932216,1944,3919590,88,12626,2299
nation,England,E92000001,2021/4/21,2299,3930184,2216,3917646,83,12538,2112
nation,England,E92000001,2021/4/20,2112,3927885,2005,3915430,107,12455,2268
nation,England,E92000001,2021/4/19,2268,3925773,2182,3913425,86,12348,2281
nation,England,E92000001,2021/4/18,2281,3923505,2214,3911243,67,12262,1398
nation,England,E92000001,2021/4/17,1398,3921224,1361,3909029,37,12195,1963
nation,England,E92000001,2021/4/16,1963,3919826,1902,3907668,61,12158,1959
nation,England,E92000001,2021/4/15,1959,3917863,1885,3905766,74,12097,2068
nation,England,E92000001,2021/4/14,2068,3915904,2009,3903881,59,12023,2060
nation,England,E92000001,2021/4/13,2060,3913836,1981,3901872,79,11964,2398
nation,England,E92000001,2021/4/12,2398,3911776,2316,3899891,82,11885,2020
nation,England,E92000001,2021/4/11,2020,3909378,1983,3897575,37,11803,2009
nation,England,E92000001,2021/4/10,2009,3907358,1972,3895592,37,11766,2481
nation,England,E92000001,2021/4/9,2481,3905349,2419,3893620,62,11729,2651
nation,England,E92000001,2021/4/8,2651,3902868,2573,3891201,78,11667,2752
nation,England,E92000001,2021/4/7,2752,3900217,2688,3888628,64,11589,2755
nation,England,E92000001,2021/4/6,2755,3897465,2680,3885940,75,11525,2314
nation,England,E92000001,2021/4/5,2314,3894710,2269,3883260,45,11450,2043
nation,England,E92000001,2021/4/4,2043,3892396,2006,3880991,37,11405,2119
nation,England,E92000001,2021/4/3,2119,3890353,2093,3878985,26,11368,2248
nation,England,E92000001,2021/4/2,2248,3888234,2212,3876892,36,11342,3067
nation,England,E92000001,2021/4/1,3067,3885986,3015,3874680,52,11306,3341
nation,England,E92000001,2021/3/31,3341,3882919,3285,3871665,56,11254,3135
nation,England,E92000001,2021/3/30,3135,3879578,3079,3868380,56,11198,3422
nation,England,E92000001,2021/3/29,3422,3876443,3363,3865301,59,11142,4476
nation,England,E92000001,2021/3/28,4476,3873021,4415,3861938,61,11083,3136
nation,England,E92000001,2021/3/27,3136,3868545,3097,3857523,39,11022,3803
nation,England,E92000001,2021/3/26,3803,3865409,3756,3854426,47,10983,4674
nation,England,E92000001,2021/3/25,4674,3861606,4609,3850670,65,10936,5321
nation,England,E92000001,2021/3/24,5321,3856932,5252,3846061,69,10871,4563
nation,England,E92000001,2021/3/23,4563,3851611,4502,3840809,61,10802,5399
nation,England,E92000001,2021/3/22,5399,3847048,5340,3836307,59,10741,4677
nation,England,E92000001,2021/3/21,4677,3841649,4628,3830967,49,10682,3513
nation,England,E92000001,2021/3/20,3513,3836972,3484,3826339,29,10633,4329
nation,England,E92000001,2021/3/19,4329,3833459,4274,3822855,55,10604,4680
nation,England,E92000001,2021/3/18,4680,3829130,4649,3818581,31,10549,5046
nation,England,E92000001,2021/3/17,5046,3824450,4999,3813932,47,10518,4919
nation,England,E92000001,2021/3/16,4919,3819404,4875,3808933,44,10471,5638
nation,England,E92000001,2021/3/15,5638,3814485,5584,3804058,54,10427,3707
nation,England,E92000001,2021/3/14,3707,3808847,3676,3798474,31,10373,3590
nation,England,E92000001,2021/3/13,3590,3805140,3562,3794798,28,10342,4766
nation,England,E92000001,2021/3/12,4766,3801550,4729,3791236,37,10314,4848
nation,England,E92000001,2021/3/11,4848,3796784,4809,3786507,39,10277,5223
nation,England,E92000001,2021/3/10,5223,3791936,5165,3781698,58,10238,5488
nation,England,E92000001,2021/3/9,5488,3786713,5409,3776533,79,10180,5818
nation,England,E92000001,2021/3/8,5818,3781225,5734,3771124,84,10101,3677
nation,England,E92000001,2021/3/7,3677,3775407,3648,3765390,29,10017,3832
nation,England,E92000001,2021/3/6,3832,3771730,3809,3761742,23,9988,4728
nation,England,E92000001,2021/3/5,4728,3767898,4678,3757933,50,9965,5011
nation,England,E92000001,2021/3/4,5011,3763170,4956,3753255,55,9915,5305
nation,England,E92000001,2021/3/3,5305,3758159,5252,3748299,53,9860,5951
nation,England,E92000001,2021/3/2,5951,3752854,5856,3743047,95,9807,6215
nation,England,E92000001,2021/3/1,6215,3746903,6088,3737191,127,9712,4112
nation,England,E92000001,2021/2/28,4112,3740688,4080,3731103,32,9585,4254
nation,England,E92000001,2021/2/27,4254,3736576,4230,3727023,24,9553,5884
nation,England,E92000001,2021/2/26,5884,3732322,5832,3722793,52,9529,6935
nation,England,E92000001,2021/2/25,6935,3726438,6832,3716961,103,9477,7620
nation,England,E92000001,2021/2/24,7620,3719503,7525,3710129,95,9374,8536
nation,England,E92000001,2021/2/23,8536,3711883,8424,3702604,112,9279,10278
nation,England,E92000001,2021/2/22,10278,3703347,10120,3694180,158,9167,7032
nation,England,E92000001,2021/2/21,7032,3693069,6986,3684060,46,9009,7161
nation,England,E92000001,2021/2/20,7161,3686037,7113,3677074,48,8963,9246
nation,England,E92000001,2021/2/19,9246,3678876,9139,3669961,107,8915,10304
nation,England,E92000001,2021/2/18,10304,3669630,10207,3660822,97,8808,10419
nation,England,E92000001,2021/2/17,10419,3659326,10316,3650615,103,8711,11270
nation,England,E92000001,2021/2/16,11270,3648907,11171,3640299,99,8608,12953
nation,England,E92000001,2021/2/15,12953,3637637,12804,3629128,149,8509,7780
nation,England,E92000001,2021/2/14,7780,3624684,7743,3616324,37,8360,8025
nation,England,E92000001,2021/2/13,8025,3616904,7985,3608581,40,8323,10986
nation,England,E92000001,2021/2/12,10986,3608879,10893,3600596,93,8283,11637
nation,England,E92000001,2021/2/11,11637,3597893,11567,3589703,70,8190,12272
nation,England,E92000001,2021/2/10,12272,3586256,12173,3578136,99,8120,12696
nation,England,E92000001,2021/2/9,12696,3573984,12591,3565963,105,8021,14370
nation,England,E92000001,2021/2/8,14370,3561288,14268,3553372,102,7916,10457
nation,England,E92000001,2021/2/7,10457,3546918,10420,3539104,37,7814,10951
nation,England,E92000001,2021/2/6,10951,3536461,10910,3528684,41,7777,14462
nation,England,E92000001,2021/2/5,14462,3525510,14374,3517774,88,7736,16717
nation,England,E92000001,2021/2/4,16717,3511048,16629,3503400,88,7648,17948
nation,England,E92000001,2021/2/3,17948,3494331,17851,3486771,97,7560,18194
nation,England,E92000001,2021/2/2,18194,3476383,18100,3468920,94,7463,20765
nation,England,E92000001,2021/2/1,20765,3458189,20672,3450820,93,7369,14138
nation,England,E92000001,2021/1/31,14138,3437424,14089,3430148,49,7276,15524
nation,England,E92000001,2021/1/30,15524,3423286,15463,3416059,61,7227,20362
nation,England,E92000001,2021/1/29,20362,3407762,20276,3400596,86,7166,22523
nation,England,E92000001,2021/1/28,22523,3387400,22428,3380320,95,7080,23899
nation,England,E92000001,2021/1/27,23899,3364877,23806,3357892,93,6985,25210
nation,England,E92000001,2021/1/26,25210,3340978,25086,3334086,124,6892,27972
nation,England,E92000001,2021/1/25,27972,3315768,27851,3309000,121,6768,15883
nation,England,E92000001,2021/1/24,15883,3287796,15850,3281149,33,6647,20426
nation,England,E92000001,2021/1/23,20426,3271913,20365,3265299,61,6614,27741
nation,England,E92000001,2021/1/22,27741,3251487,27643,3244934,98,6553,29633
nation,England,E92000001,2021/1/21,29633,3223746,29518,3217291,115,6455,32679
nation,England,E92000001,2021/1/20,32679,3194113,32547,3187773,132,6340,37056
nation,England,E92000001,2021/1/19,37056,3161434,36894,3155226,162,6208,41936
nation,England,E92000001,2021/1/18,41936,3124378,41759,3118332,177,6046,26976
nation,England,E92000001,2021/1/17,26976,3082442,26904,3076573,72,5869,28412
nation,England,E92000001,2021/1/16,28412,3055466,28334,3049669,78,5797,37878
nation,England,E92000001,2021/1/15,37878,3027054,37759,3021335,119,5719,39659
nation,England,E92000001,2021/1/14,39659,2989176,39527,2983576,132,5600,42303
nation,England,E92000001,2021/1/13,42303,2949517,42198,2944049,105,5468,45968
nation,England,E92000001,2021/1/12,45968,2907214,45798,2901851,170,5363,53519
nation,England,E92000001,2021/1/11,53519,2861246,53344,2856053,175,5193,33749
nation,England,E92000001,2021/1/10,33749,2807727,33692,2802709,57,5018,36419
nation,England,E92000001,2021/1/9,36419,2773978,36348,2769017,71,4961,43494
nation,England,E92000001,2021/1/8,43494,2737559,43381,2732669,113,4890,48132
nation,England,E92000001,2021/1/7,48132,2694065,48018,2689288,114,4777,52752
nation,England,E92000001,2021/1/6,52752,2645933,52622,2641270,130,4663,59599
nation,England,E92000001,2021/1/5,59599,2593181,59426,2588648,173,4533,70920
nation,England,E92000001,2021/1/4,70920,2533582,70761,2529222,159,4360,50664
nation,England,E92000001,2021/1/3,50664,2462662,50599,2458461,65,4201,55428
nation,England,E92000001,2021/1/2,55428,2411998,55345,2407862,83,4136,28879
nation,England,E92000001,2021/1/1,28879,2356570,28836,2352517,43,4053,47823
nation,England,E92000001,2020/12/31,47823,2327691,47759,2323681,64,4010,64243
nation,England,E92000001,2020/12/30,64243,2279868,64131,2275922,112,3946,74058
nation,England,E92000001,2020/12/29,74058,2215625,73926,2211791,132,3834,40846
nation,England,E92000001,2020/12/28,40846,2141567,40799,2137865,47,3702,43250
nation,England,E92000001,2020/12/27,43250,2100721,43200,2097066,50,3655,37462
nation,England,E92000001,2020/12/26,37462,2057471,37421,2053866,41,3605,12926
nation,England,E92000001,2020/12/25,12926,2020009,12906,2016445,20,3564,29287
nation,England,E92000001,2020/12/24,29287,2007083,29244,2003539,43,3544,38383
nation,England,E92000001,2020/12/23,38383,1977796,38326,1974295,57,3501,41741
nation,England,E92000001,2020/12/22,41741,1939413,41658,1935969,83,3444,43446
nation,England,E92000001,2020/12/21,43446,1897672,43383,1894311,63,3361,29556
nation,England,E92000001,2020/12/20,29556,1854226,29523,1850928,33,3298,22196
nation,England,E92000001,2020/12/19,22196,1824670,22168,1821405,28,3265,32426
nation,England,E92000001,2020/12/18,32426,1802474,32380,1799237,46,3237,30160
nation,England,E92000001,2020/12/17,30160,1770048,30116,1766857,44,3191,30650
nation,England,E92000001,2020/12/16,30650,1739888,30611,1736741,39,3147,29652
nation,England,E92000001,2020/12/15,29652,1709238,29609,1706130,43,3108,30019
nation,England,E92000001,2020/12/14,30019,1679586,29975,1676521,44,3065,18409
nation,England,E92000001,2020/12/13,18409,1649567,18391,1646546,18,3021,16268
nation,England,E92000001,2020/12/12,16268,1631158,16241,1628155,27,3003,20177
nation,England,E92000001,2020/12/11,20177,1614890,20142,1611914,35,2976,18850
nation,England,E92000001,2020/12/10,18850,1594713,18819,1591772,31,2941,17744
nation,England,E92000001,2020/12/9,17744,1575863,17708,1572953,36,2910,16937
nation,England,E92000001,2020/12/8,16937,1558119,16902,1555245,35,2874,17663
nation,England,E92000001,2020/12/7,17663,1541182,17627,1538343,36,2839,11036
nation,England,E92000001,2020/12/6,11036,1523519,11022,1520716,14,2803,10302
nation,England,E92000001,2020/12/5,10302,1512483,10295,1509694,7,2789,13065
nation,England,E92000001,2020/12/4,13065,1502181,13045,1499399,20,2782,12762
nation,England,E92000001,2020/12/3,12762,1489116,12734,1486354,28,2762,13662
nation,England,E92000001,2020/12/2,13662,1476354,13636,1473620,26,2734,13731
nation,England,E92000001,2020/12/1,13731,1462692,13700,1459984,31,2708,15227
nation,England,E92000001,2020/11/30,15227,1448961,15202,1446284,25,2677,9067
nation,England,E92000001,2020/11/29,9067,1433734,9055,1431082,12,2652,9347
nation,England,E92000001,2020/11/28,9347,1424667,9332,1422027,15,2640,12460
nation,England,E92000001,2020/11/27,12460,1415320,12437,1412695,23,2625,12459
nation,England,E92000001,2020/11/26,12459,1402860,12441,1400258,18,2602,14154
nation,England,E92000001,2020/11/25,14154,1390401,14129,1387817,25,2584,14264
nation,England,E92000001,2020/11/24,14264,1376247,14238,1373688,26,2559,16472
nation,England,E92000001,2020/11/23,16472,1361983,16449,1359450,23,2533,10216
nation,England,E92000001,2020/11/22,10216,1345511,10206,1343001,10,2510,10806
nation,England,E92000001,2020/11/21,10806,1335295,10794,1332795,12,2500,14960
nation,England,E92000001,2020/11/20,14960,1324489,14936,1322001,24,2488,15797
nation,England,E92000001,2020/11/19,15797,1309529,15775,1307065,22,2464,18549
nation,England,E92000001,2020/11/18,18549,1293732,18516,1291290,33,2442,20676
nation,England,E92000001,2020/11/17,20676,1275183,20654,1272774,22,2409,24135
nation,England,E92000001,2020/11/16,24135,1254507,24107,1252120,28,2387,14421
nation,England,E92000001,2020/11/15,14421,1230372,14408,1228013,13,2359,16290
nation,England,E92000001,2020/11/14,16290,1215951,16278,1213605,12,2346,22009
nation,England,E92000001,2020/11/13,22009,1199661,21983,1197327,26,2334,22320
nation,England,E92000001,2020/11/12,22320,1177652,22289,1175344,31,2308,25065
nation,England,E92000001,2020/11/11,25065,1155332,25036,1153055,29,2277,24836
nation,England,E92000001,2020/11/10,24836,1130267,24803,1128019,33,2248,28561
nation,England,E92000001,2020/11/9,28561,1105431,28519,1103216,42,2215,18273
nation,England,E92000001,2020/11/8,18273,1076870,18255,1074697,18,2173,16888
nation,England,E92000001,2020/11/7,16888,1058597,16877,1056442,11,2155,21180
nation,England,E92000001,2020/11/6,21180,1041709,21146,1039565,34,2144,21205
nation,England,E92000001,2020/11/5,21205,1020529,21167,1018419,38,2110,21053
nation,England,E92000001,2020/11/4,21053,999324,21021,997252,32,2072,22690
nation,England,E92000001,2020/11/3,22690,978271,22649,976231,41,2040,28394
nation,England,E92000001,2020/11/2,28394,955581,28356,953582,38,1999,13611
nation,England,E92000001,2020/11/1,13611,927187,13591,925226,20,1961,14565
nation,England,E92000001,2020/10/31,14565,913576,14549,911635,16,1941,19899
nation,England,E92000001,2020/10/30,19899,899011,19871,897086,28,1925,20257
nation,England,E92000001,2020/10/29,20257,879112,20227,877215,30,1897,20547
nation,England,E92000001,2020/10/28,20547,858855,20523,856988,24,1867,20761
nation,England,E92000001,2020/10/27,20761,838308,20740,836465,21,1843,23033
nation,England,E92000001,2020/10/26,23033,817547,23008,815725,25,1822,13354
nation,England,E92000001,2020/10/25,13354,794514,13345,792717,9,1797,13713
nation,England,E92000001,2020/10/24,13713,781160,13696,779372,17,1788,18359
nation,England,E92000001,2020/10/23,18359,767447,18329,765676,30,1771,19866
nation,England,E92000001,2020/10/22,19866,749088,19849,747347,17,1741,21762
nation,England,E92000001,2020/10/21,21762,729222,21735,727498,27,1724,21638
nation,England,E92000001,2020/10/20,21638,707460,21590,705763,48,1697,22369
nation,England,E92000001,2020/10/19,22369,685822,22342,684173,27,1649,11982
nation,England,E92000001,2020/10/18,11982,663453,11966,661831,16,1622,12487
nation,England,E92000001,2020/10/17,12487,651471,12472,649865,15,1606,14761
nation,England,E92000001,2020/10/16,14761,638984,14730,637393,31,1591,15429
nation,England,E92000001,2020/10/15,15429,624223,15394,622663,35,1560,16646
nation,England,E92000001,2020/10/14,16646,608794,16626,607269,20,1525,15660
nation,England,E92000001,2020/10/13,15660,592148,15625,590643,35,1505,16420
nation,England,E92000001,2020/10/12,16420,576488,16395,575018,25,1470,9781
nation,England,E92000001,2020/10/11,9781,560068,9772,558623,9,1445,10301
nation,England,E92000001,2020/10/10,10301,550287,10287,548851,14,1436,13159
nation,England,E92000001,2020/10/9,13159,539986,13131,538564,28,1422,15452
nation,England,E92000001,2020/10/8,15452,526827,15434,525433,18,1394,15418
nation,England,E92000001,2020/10/7,15418,511375,15387,509999,31,1376,14458
nation,England,E92000001,2020/10/6,14458,495957,14430,494612,28,1345,14218
nation,England,E92000001,2020/10/5,14218,481499,14184,480182,34,1317,9966
nation,England,E92000001,2020/10/4,9966,467281,9957,465998,9,1283,9820
nation,England,E92000001,2020/10/3,9820,457315,9810,456041,10,1274,11719
nation,England,E92000001,2020/10/2,11719,447495,11692,446231,27,1264,11444
nation,England,E92000001,2020/10/1,11444,435776,11416,434539,28,1237,10663
nation,England,E92000001,2020/9/30,10663,424332,10632,423123,31,1209,8832
nation,England,E92000001,2020/9/29,8832,413669,8797,412491,35,1178,8641
nation,England,E92000001,2020/9/28,8641,404837,8625,403694,16,1143,6084
nation,England,E92000001,2020/9/27,6084,396196,6075,395069,9,1127,5704
nation,England,E92000001,2020/9/26,5704,390112,5699,388994,5,1118,6105
nation,England,E92000001,2020/9/25,6105,384408,6090,383295,15,1113,6361
nation,England,E92000001,2020/9/24,6361,378303,6340,377205,21,1098,5933
nation,England,E92000001,2020/9/23,5933,371942,5913,370865,20,1077,5400
nation,England,E92000001,2020/9/22,5400,366009,5379,364952,21,1057,4727
nation,England,E92000001,2020/9/21,4727,360609,4715,359573,12,1036,4652
nation,England,E92000001,2020/9/20,4652,355882,4645,354858,7,1024,4215
nation,England,E92000001,2020/9/19,4215,351230,4210,350213,5,1017,4290
nation,England,E92000001,2020/9/18,4290,347015,4266,346003,24,1012,3979
nation,England,E92000001,2020/9/17,3979,342725,3959,341737,20,988,3778
nation,England,E92000001,2020/9/16,3778,338746,3753,337778,25,968,3057
nation,England,E92000001,2020/9/15,3057,334968,3032,334025,25,943,2941
nation,England,E92000001,2020/9/14,2941,331911,2915,330993,26,918,1722
nation,England,E92000001,2020/9/13,1722,328970,1719,328078,3,892,2224
nation,England,E92000001,2020/9/12,2224,327248,2216,326359,8,889,2893
nation,England,E92000001,2020/9/11,2893,325024,2868,324143,25,881,3143
nation,England,E92000001,2020/9/10,3143,322131,3123,321275,20,856,2893
nation,England,E92000001,2020/9/9,2893,318988,2873,318152,20,836,3071
nation,England,E92000001,2020/9/8,3071,316095,3035,315279,36,816,3530
nation,England,E92000001,2020/9/7,3530,313024,3482,312244,48,780,2079
nation,England,E92000001,2020/9/6,2079,309494,2069,308762,10,732,2200
nation,England,E92000001,2020/9/5,2200,307415,2195,306693,5,722,2637
nation,England,E92000001,2020/9/4,2637,305215,2605,304498,32,717,2716
nation,England,E92000001,2020/9/3,2716,302578,2671,301893,45,685,2696
nation,England,E92000001,2020/9/2,2696,299862,2643,299222,53,640,1962
nation,England,E92000001,2020/9/1,1962,297166,1941,296579,21,587,1279
nation,England,E92000001,2020/8/31,1279,295204,1272,294638,7,566,987
nation,England,E92000001,2020/8/30,987,293925,983,293366,4,559,1051
nation,England,E92000001,2020/8/29,1051,292938,1047,292383,4,555,1395
nation,England,E92000001,2020/8/28,1395,291887,1386,291336,9,551,1356
nation,England,E92000001,2020/8/27,1356,290492,1330,289950,26,542,1181
nation,England,E92000001,2020/8/26,1181,289136,1156,288620,25,516,1085
nation,England,E92000001,2020/8/25,1085,287955,1069,287464,16,491,1157
nation,England,E92000001,2020/8/24,1157,286870,1146,286395,11,475,704
nation,England,E92000001,2020/8/23,704,285713,701,285249,3,464,732
nation,England,E92000001,2020/8/22,732,285009,727,284548,5,461,1031
nation,England,E92000001,2020/8/21,1031,284277,1014,283821,17,456,1254
nation,England,E92000001,2020/8/20,1254,283246,1231,282807,23,439,1109
nation,England,E92000001,2020/8/19,1109,281992,1086,281576,23,416,955
nation,England,E92000001,2020/8/18,955,280883,939,280490,16,393,1159
nation,England,E92000001,2020/8/17,1159,279928,1150,279551,9,377,534
nation,England,E92000001,2020/8/16,534,278769,529,278401,5,368,656
nation,England,E92000001,2020/8/15,656,278235,655,277872,1,363,1059
nation,England,E92000001,2020/8/14,1059,277579,1040,277217,19,362,1036
nation,England,E92000001,2020/8/13,1036,276520,1030,276177,6,343,1126
nation,England,E92000001,2020/8/12,1126,275484,1107,275147,19,337,1247
nation,England,E92000001,2020/8/11,1247,274358,1221,274040,26,318,1375
nation,England,E92000001,2020/8/10,1375,273111,1361,272819,14,292,569
nation,England,E92000001,2020/8/9,569,271736,565,271458,4,278,648
nation,England,E92000001,2020/8/8,648,271167,642,270893,6,274,892
nation,England,E92000001,2020/8/7,892,270519,881,270251,11,268,1005
nation,England,E92000001,2020/8/6,1005,269627,991,269370,14,257,974
nation,England,E92000001,2020/8/5,974,268622,952,268379,22,243,965
nation,England,E92000001,2020/8/4,965,267648,938,267427,27,221,963
nation,England,E92000001,2020/8/3,963,266683,947,266489,16,194,518
nation,England,E92000001,2020/8/2,518,265720,514,265542,4,178,508
nation,England,E92000001,2020/8/1,508,265202,503,265028,5,174,644
nation,England,E92000001,2020/7/31,644,264694,635,264525,9,169,879
nation,England,E92000001,2020/7/30,879,264050,864,263890,15,160,994
nation,England,E92000001,2020/7/29,994,263171,979,263026,15,145,796
nation,England,E92000001,2020/7/28,796,262177,783,262047,13,130,824
nation,England,E92000001,2020/7/27,824,261381,814,261264,10,117,518
nation,England,E92000001,2020/7/26,518,260557,517,260450,1,107,499
nation,England,E92000001,2020/7/25,499,260039,496,259933,3,106,720
nation,England,E92000001,2020/7/24,720,259540,712,259437,8,103,741
nation,England,E92000001,2020/7/23,741,258820,736,258725,5,95,764
nation,England,E92000001,2020/7/22,764,258079,756,257989,8,90,697
nation,England,E92000001,2020/7/21,697,257315,691,257233,6,82,769
nation,England,E92000001,2020/7/20,769,256618,759,256542,10,76,419
nation,England,E92000001,2020/7/19,419,255849,414,255783,5,66,473
nation,England,E92000001,2020/7/18,473,255430,471,255369,2,61,548
nation,England,E92000001,2020/7/17,548,254957,547,254898,1,59,644
nation,England,E92000001,2020/7/16,644,254409,639,254351,5,58,726
nation,England,E92000001,2020/7/15,726,253765,722,253712,4,53,661
nation,England,E92000001,2020/7/14,661,253039,657,252990,4,49,694
nation,England,E92000001,2020/7/13,694,252378,694,252333,0,45,351
nation,England,E92000001,2020/7/12,351,251684,351,251639,0,45,433
nation,England,E92000001,2020/7/11,433,251333,429,251288,4,45,524
nation,England,E92000001,2020/7/10,524,250900,521,250859,3,41,688
nation,England,E92000001,2020/7/9,688,250376,682,250338,6,38,682
nation,England,E92000001,2020/7/8,682,249688,676,249656,6,32,565
nation,England,E92000001,2020/7/7,565,249006,562,248980,3,26,664
nation,England,E92000001,2020/7/6,664,248441,660,248418,4,23,544
nation,England,E92000001,2020/7/5,544,247777,543,247758,1,19,385
nation,England,E92000001,2020/7/4,385,247233,385,247215,0,18,536
nation,England,E92000001,2020/7/3,536,246848,535,246830,1,18,561
nation,England,E92000001,2020/7/2,561,246312,557,246295,4,17,607
nation,England,E92000001,2020/7/1,607,245751,604,245738,3,13,578
nation,England,E92000001,2020/6/30,578,245144,577,245134,1,10,666
nation,England,E92000001,2020/6/29,666,244566,664,244557,2,9,413
nation,England,E92000001,2020/6/28,413,243900,412,243893,1,7,506
nation,England,E92000001,2020/6/27,506,243487,504,243481,2,6,640
nation,England,E92000001,2020/6/26,640,242981,639,242977,1,4,643
nation,England,E92000001,2020/6/25,643,242341,643,242338,0,3,732
nation,England,E92000001,2020/6/24,732,241698,731,241695,1,3,727
nation,England,E92000001,2020/6/23,727,240966,726,240964,1,2,821
nation,England,E92000001,2020/6/22,821,240239,821,240238,0,1,550
nation,England,E92000001,2020/6/21,550,239418,550,239417,0,1,626
nation,England,E92000001,2020/6/20,626,238868,626,238867,0,1,818
nation,England,E92000001,2020/6/19,818,238242,817,238241,1,1,938
nation,England,E92000001,2020/6/18,938,237424,938,237424,,,914
nation,England,E92000001,2020/6/17,914,236486,914,236486,,,996
nation,England,E92000001,2020/6/16,996,235572,996,235572,,,944
nation,England,E92000001,2020/6/15,944,234576,944,234576,,,752
nation,England,E92000001,2020/6/14,752,233632,752,233632,,,785
nation,England,E92000001,2020/6/13,785,232880,785,232880,,,938
nation,England,E92000001,2020/6/12,938,232095,938,232095,,,915
nation,England,E92000001,2020/6/11,915,231157,915,231157,,,1086
nation,England,E92000001,2020/6/10,1086,230242,1086,230242,,,1066
nation,England,E92000001,2020/6/9,1066,229156,1066,229156,,,990
nation,England,E92000001,2020/6/8,990,228090,990,228090,,,668
nation,England,E92000001,2020/6/7,668,227100,668,227100,,,723
nation,England,E92000001,2020/6/6,723,226432,723,226432,,,1020
nation,England,E92000001,2020/6/5,1020,225709,1020,225709,,,1147
nation,England,E92000001,2020/6/4,1147,224689,1147,224689,,,1251
nation,England,E92000001,2020/6/3,1251,223542,1251,223542,,,1365
nation,England,E92000001,2020/6/2,1365,222291,1365,222291,,,1319
nation,England,E92000001,2020/6/1,1319,220926,1319,220926,,,984
nation,England,E92000001,2020/5/31,984,219607,984,219607,,,1010
nation,England,E92000001,2020/5/30,1010,218623,1010,218623,,,1374
nation,England,E92000001,2020/5/29,1374,217613,1374,217613,,,1575
nation,England,E92000001,2020/5/28,1575,216239,1575,216239,,,1616
nation,England,E92000001,2020/5/27,1616,214664,1616,214664,,,1461
nation,England,E92000001,2020/5/26,1461,213048,1461,213048,,,1389
nation,England,E92000001,2020/5/25,1389,211587,1389,211587,,,1206
nation,England,E92000001,2020/5/24,1206,210198,1206,210198,,,1309
nation,England,E92000001,2020/5/23,1309,208992,1309,208992,,,1798
nation,England,E92000001,2020/5/22,1798,207683,1798,207683,,,2277
nation,England,E92000001,2020/5/21,2277,205885,2277,205885,,,2359
nation,England,E92000001,2020/5/20,2359,203608,2359,203608,,,2602
nation,England,E92000001,2020/5/19,2602,201249,2602,201249,,,2226
nation,England,E92000001,2020/5/18,2226,198647,2226,198647,,,1593
nation,England,E92000001,2020/5/17,1593,196421,1593,196421,,,1781
nation,England,E92000001,2020/5/16,1781,194828,1781,194828,,,2145
nation,England,E92000001,2020/5/15,2145,193047,2145,193047,,,2222
nation,England,E92000001,2020/5/14,2222,190902,2222,190902,,,2899
nation,England,E92000001,2020/5/13,2899,188680,2899,188680,,,2940
nation,England,E92000001,2020/5/12,2940,185781,2940,185781,,,3088
nation,England,E92000001,2020/5/11,3088,182841,3088,182841,,,2013
nation,England,E92000001,2020/5/10,2013,179753,2013,179753,,,1797
nation,England,E92000001,2020/5/9,1797,177740,1797,177740,,,2622
nation,England,E92000001,2020/5/8,2622,175943,2622,175943,,,3205
nation,England,E92000001,2020/5/7,3205,173321,3205,173321,,,3264
nation,England,E92000001,2020/5/6,3264,170116,3264,170116,,,3148
nation,England,E92000001,2020/5/5,3148,166852,3148,166852,,,2851
nation,England,E92000001,2020/5/4,2851,163704,2851,163704,,,2648
nation,England,E92000001,2020/5/3,2648,160853,2648,160853,,,2762
nation,England,E92000001,2020/5/2,2762,158205,2762,158205,,,4109
nation,England,E92000001,2020/5/1,4109,155443,4109,155443,,,4314
nation,England,E92000001,2020/4/30,4314,151334,4314,151334,,,4737
nation,England,E92000001,2020/4/29,4737,147020,4737,147020,,,4113
nation,England,E92000001,2020/4/28,4113,142283,4113,142283,,,4056
nation,England,E92000001,2020/4/27,4056,138170,4056,138170,,,3137
nation,England,E92000001,2020/4/26,3137,134114,3137,134114,,,3381
nation,England,E92000001,2020/4/25,3381,130977,3381,130977,,,4352
nation,England,E92000001,2020/4/24,4352,127596,4352,127596,,,4575
nation,England,E92000001,2020/4/23,4575,123244,4575,123244,,,4812
nation,England,E92000001,2020/4/22,4812,118669,4812,118669,,,3995
nation,England,E92000001,2020/4/21,3995,113857,3995,113857,,,3698
nation,England,E92000001,2020/4/20,3698,109862,3698,109862,,,3494
nation,England,E92000001,2020/4/19,3494,106164,3494,106164,,,4142
nation,England,E92000001,2020/4/18,4142,102670,4142,102670,,,4088
nation,England,E92000001,2020/4/17,4088,98528,4088,98528,,,4360
nation,England,E92000001,2020/4/16,4360,94440,4360,94440,,,4240
nation,England,E92000001,2020/4/15,4240,90080,4240,90080,,,3568
nation,England,E92000001,2020/4/14,3568,85840,3568,85840,,,3463
nation,England,E92000001,2020/4/13,3463,82272,3463,82272,,,2958
nation,England,E92000001,2020/4/12,2958,78809,2958,78809,,,3085
nation,England,E92000001,2020/4/11,3085,75851,3085,75851,,,3590
nation,England,E92000001,2020/4/10,3590,72766,3590,72766,,,4076
nation,England,E92000001,2020/4/9,4076,69176,4076,69176,,,4315
nation,England,E92000001,2020/4/8,4315,65100,4315,65100,,,4605
nation,England,E92000001,2020/4/7,4605,60785,4605,60785,,,4407
nation,England,E92000001,2020/4/6,4407,56180,4407,56180,,,3094
nation,England,E92000001,2020/4/5,3094,51773,3094,51773,,,3405
nation,England,E92000001,2020/4/4,3405,48679,3405,48679,,,4102
nation,England,E92000001,2020/4/3,4102,45274,4102,45274,,,4097
nation,England,E92000001,2020/4/2,4097,41172,4097,41172,,,4150
nation,England,E92000001,2020/4/1,4150,37075,4150,37075,,,3816
nation,England,E92000001,2020/3/31,3816,32925,3816,32925,,,3514
nation,England,E92000001,2020/3/30,3514,29109,3514,29109,,,2449
nation,England,E92000001,2020/3/29,2449,25595,2449,25595,,,2379
nation,England,E92000001,2020/3/28,2379,23146,2379,23146,,,2672
nation,England,E92000001,2020/3/27,2672,20767,2672,20767,,,2633
nation,England,E92000001,2020/3/26,2633,18095,2633,18095,,,2284
nation,England,E92000001,2020/3/25,2284,15462,2284,15462,,,2041
nation,England,E92000001,2020/3/24,2041,13178,2041,13178,,,2010
nation,England,E92000001,2020/3/23,2010,11137,2010,11137,,,1212
nation,England,E92000001,2020/3/22,1212,9127,1212,9127,,,1040
nation,England,E92000001,2020/3/21,1040,7915,1040,7915,,,1096
nation,England,E92000001,2020/3/20,1096,6875,1096,6875,,,932
nation,England,E92000001,2020/3/19,932,5779,932,5779,,,910
nation,England,E92000001,2020/3/18,910,4847,910,4847,,,683
nation,England,E92000001,2020/3/17,683,3937,683,3937,,,552
nation,England,E92000001,2020/3/16,552,3254,552,3254,,,398
nation,England,E92000001,2020/3/15,398,2702,398,2702,,,315
nation,England,E92000001,2020/3/14,315,2304,315,2304,,,401
nation,England,E92000001,2020/3/13,401,1989,401,1989,,,421
nation,England,E92000001,2020/3/12,421,1588,421,1588,,,358
nation,England,E92000001,2020/3/11,358,1167,358,1167,,,229
nation,England,E92000001,2020/3/10,229,809,229,809,,,127
nation,England,E92000001,2020/3/9,127,580,127,580,,,50
nation,England,E92000001,2020/3/8,50,453,50,453,,,55
nation,England,E92000001,2020/3/7,55,403,55,403,,,74
nation,England,E92000001,2020/3/6,74,348,74,348,,,46
nation,England,E92000001,2020/3/5,46,274,46,274,,,49
nation,England,E92000001,2020/3/4,49,228,49,228,,,52
nation,England,E92000001,2020/3/3,52,179,52,179,,,40
nation,England,E92000001,2020/3/2,40,127,40,127,,,18
nation,England,E92000001,2020/3/1,18,87,18,87,,,4
nation,England,E92000001,2020/2/29,4,69,4,69,,,11
nation,England,E92000001,2020/2/28,11,65,11,65,,,7
nation,England,E92000001,2020/2/27,7,54,7,54,,,1
nation,England,E92000001,2020/2/26,1,47,1,47,,,3
nation,England,E92000001,2020/2/25,3,46,3,46,,,2
nation,England,E92000001,2020/2/24,2,43,2,43,,,6
nation,England,E92000001,2020/2/23,6,41,6,41,,,0
nation,England,E92000001,2020/2/22,0,35,0,35,,,2
nation,England,E92000001,2020/2/21,2,35,2,35,,,0
nation,England,E92000001,2020/2/20,0,33,0,33,,,0
nation,England,E92000001,2020/2/19,0,33,0,33,,,0
nation,England,E92000001,2020/2/18,0,33,0,33,,,1
nation,England,E92000001,2020/2/17,1,33,1,33,,,0
nation,England,E92000001,2020/2/16,0,32,0,32,,,0
nation,England,E92000001,2020/2/15,0,32,0,32,,,0
nation,England,E92000001,2020/2/14,0,32,0,32,,,1
nation,England,E92000001,2020/2/13,1,32,1,32,,,1
nation,England,E92000001,2020/2/12,1,31,1,31,,,4
nation,England,E92000001,2020/2/11,4,30,4,30,,,1
nation,England,E92000001,2020/2/10,1,26,1,26,,,1
nation,England,E92000001,2020/2/9,1,25,1,25,,,3
nation,England,E92000001,2020/2/8,3,24,3,24,,,0
nation,England,E92000001,2020/2/7,0,21,0,21,,,0
nation,England,E92000001,2020/2/6,0,21,0,21,,,1
nation,England,E92000001,2020/2/5,1,21,1,21,,,0
nation,England,E92000001,2020/2/4,0,20,0,20,,,18
nation,England,E92000001,2020/2/3,18,20,18,20,,,1
nation,England,E92000001,2020/2/2,1,2,1,2,,,0
nation,England,E92000001,2020/2/1,0,1,0,1,,,0
nation,England,E92000001,2020/1/31,0,1,0,1,,,1
nation,England,E92000001,2020/1/30,1,1,1,1,,,