iso_code,continent,location,date,total_cases,new_cases,new_cases_smoothed,total_deaths,new_deaths,reproduction_rate,stringency_index
GBR,Europe,United Kingdom,2020/1/30,,,,1,1,,5.56
GBR,Europe,United Kingdom,2020/1/31,2,2,,1,0,,8.33
GBR,Europe,United Kingdom,2020/2/1,2,0,,1,0,,8.33
GBR,Europe,United Kingdom,2020/2/2,2,0,,2,1,,11.11
GBR,Europe,United Kingdom,2020/2/3,8,6,,2,0,,11.11
GBR,Europe,United Kingdom,2020/2/4,8,0,,2,0,,11.11
GBR,Europe,United Kingdom,2020/2/5,9,1,1.286,2,0,,11.11
GBR,Europe,United Kingdom,2020/2/6,9,0,1.286,2,0,,11.11
GBR,Europe,United Kingdom,2020/2/7,9,0,1,2,0,,11.11
GBR,Europe,United Kingdom,2020/2/8,13,4,1.571,2,0,,11.11
GBR,Europe,United Kingdom,2020/2/9,14,1,1.714,2,0,,11.11
GBR,Europe,United Kingdom,2020/2/10,14,0,0.857,2,0,,11.11
GBR,Europe,United Kingdom,2020/2/11,15,1,1,2,0,,11.11
GBR,Europe,United Kingdom,2020/2/12,16,1,1,2,0,,11.11
GBR,Europe,United Kingdom,2020/2/13,17,1,1.143,2,0,,11.11
GBR,Europe,United Kingdom,2020/2/14,18,1,1.286,2,0,,11.11
GBR,Europe,United Kingdom,2020/2/15,18,0,0.714,2,0,,11.11
GBR,Europe,United Kingdom,2020/2/16,18,0,0.571,2,0,,11.11
GBR,Europe,United Kingdom,2020/2/17,19,1,0.714,2,0,,11.11
GBR,Europe,United Kingdom,2020/2/18,19,0,0.571,2,0,,11.11
GBR,Europe,United Kingdom,2020/2/19,20,1,0.571,2,0,,11.11
GBR,Europe,United Kingdom,2020/2/20,22,2,0.714,2,0,,11.11
GBR,Europe,United Kingdom,2020/2/21,23,1,0.714,2,0,,11.11
GBR,Europe,United Kingdom,2020/2/22,23,0,0.714,3,1,,11.11
GBR,Europe,United Kingdom,2020/2/23,28,5,1.429,3,0,,11.11
GBR,Europe,United Kingdom,2020/2/24,30,2,1.571,3,0,,11.11
GBR,Europe,United Kingdom,2020/2/25,34,4,2.143,3,0,,11.11
GBR,Europe,United Kingdom,2020/2/26,37,3,2.429,3,0,,11.11
GBR,Europe,United Kingdom,2020/2/27,44,7,3.143,3,0,,11.11
GBR,Europe,United Kingdom,2020/2/28,56,12,4.714,3,0,,11.11
GBR,Europe,United Kingdom,2020/2/29,61,5,5.429,3,0,,11.11
GBR,Europe,United Kingdom,2020/3/1,94,33,9.429,3,0,,11.11
GBR,Europe,United Kingdom,2020/3/2,134,40,14.857,4,1,,11.11
GBR,Europe,United Kingdom,2020/3/3,189,55,22.143,4,0,2.39,11.11
GBR,Europe,United Kingdom,2020/3/4,245,56,29.714,5,1,2.39,11.11
GBR,Europe,United Kingdom,2020/3/5,294,49,35.714,7,2,2.4,11.11
GBR,Europe,United Kingdom,2020/3/6,373,79,45.286,9,2,2.42,11.11
GBR,Europe,United Kingdom,2020/3/7,428,55,52.429,9,0,2.44,11.11
GBR,Europe,United Kingdom,2020/3/8,482,54,55.429,11,2,2.46,11.11
GBR,Europe,United Kingdom,2020/3/9,629,147,70.714,16,5,2.49,11.11
GBR,Europe,United Kingdom,2020/3/10,887,258,99.714,19,3,2.51,11.11
GBR,Europe,United Kingdom,2020/3/11,1298,411,150.429,26,7,2.51,11.11
GBR,Europe,United Kingdom,2020/3/12,1787,489,213.286,39,13,2.48,11.11
GBR,Europe,United Kingdom,2020/3/13,2266,479,270.429,55,16,2.44,12.96
GBR,Europe,United Kingdom,2020/3/14,2630,364,314.571,76,21,2.4,12.96
GBR,Europe,United Kingdom,2020/3/15,3072,442,370,107,31,2.35,12.96
GBR,Europe,United Kingdom,2020/3/16,3684,612,436.429,158,51,2.31,16.67
GBR,Europe,United Kingdom,2020/3/17,4452,768,509.286,216,58,2.27,22.22
GBR,Europe,United Kingdom,2020/3/18,5451,999,593.286,289,73,2.24,31.48
GBR,Europe,United Kingdom,2020/3/19,6506,1055,674.143,368,79,2.21,31.48
GBR,Europe,United Kingdom,2020/3/20,7760,1254,784.857,486,118,2.18,37.04
GBR,Europe,United Kingdom,2020/3/21,8957,1197,903.857,630,144,2.14,47.22
GBR,Europe,United Kingdom,2020/3/22,10333,1376,1037.286,813,183,2.11,62.04
GBR,Europe,United Kingdom,2020/3/23,12668,2335,1283.429,1021,208,2.07,78.24
GBR,Europe,United Kingdom,2020/3/24,15039,2371,1512.429,1284,263,2.02,79.63
GBR,Europe,United Kingdom,2020/3/25,17732,2693,1754.429,1621,337,1.97,79.63
GBR,Europe,United Kingdom,2020/3/26,20816,3084,2044.286,2034,413,1.93,79.63
GBR,Europe,United Kingdom,2020/3/27,24017,3201,2322.429,2497,463,1.88,79.63
GBR,Europe,United Kingdom,2020/3/28,26839,2822,2554.571,3013,516,1.84,79.63
GBR,Europe,United Kingdom,2020/3/29,29696,2857,2766.143,3599,586,1.79,79.63
GBR,Europe,United Kingdom,2020/3/30,33969,4273,3043,4310,711,1.74,79.63
GBR,Europe,United Kingdom,2020/3/31,38484,4515,3349.286,5141,831,1.69,79.63
GBR,Europe,United Kingdom,2020/4/1,43398,4914,3666.571,6065,924,1.64,79.63
GBR,Europe,United Kingdom,2020/4/2,48263,4865,3921,7072,1007,1.6,79.63
GBR,Europe,United Kingdom,2020/4/3,53178,4915,4165.857,8133,1061,1.55,79.63
GBR,Europe,United Kingdom,2020/4/4,57198,4020,4337,9280,1147,1.51,79.63
GBR,Europe,United Kingdom,2020/4/5,60792,3594,4442.286,10500,1220,1.46,79.63
GBR,Europe,United Kingdom,2020/4/6,66067,5275,4585.429,11670,1170,1.42,79.63
GBR,Europe,United Kingdom,2020/4/7,71517,5450,4719,12963,1293,1.38,79.63
GBR,Europe,United Kingdom,2020/4/8,76646,5129,4749.714,14424,1461,1.34,79.63
GBR,Europe,United Kingdom,2020/4/9,81498,4852,4747.857,15799,1375,1.31,79.63
GBR,Europe,United Kingdom,2020/4/10,85813,4315,4662.143,17118,1319,1.28,79.63
GBR,Europe,United Kingdom,2020/4/11,89390,3577,4598.857,18483,1365,1.25,79.63
GBR,Europe,United Kingdom,2020/4/12,92885,3495,4584.714,19861,1378,1.22,79.63
GBR,Europe,United Kingdom,2020/4/13,97068,4183,4428.714,21093,1232,1.2,79.63
GBR,Europe,United Kingdom,2020/4/14,101393,4325,4268,22347,1254,1.18,79.63
GBR,Europe,United Kingdom,2020/4/15,106458,5065,4258.857,23623,1276,1.16,79.63
GBR,Europe,United Kingdom,2020/4/16,111756,5298,4322.571,24945,1322,1.15,79.63
GBR,Europe,United Kingdom,2020/4/17,116721,4965,4415.429,26217,1272,1.13,79.63
GBR,Europe,United Kingdom,2020/4/18,121437,4716,4578.143,27406,1189,1.12,79.63
GBR,Europe,United Kingdom,2020/4/19,125289,3852,4629.143,28528,1122,1.1,79.63
GBR,Europe,United Kingdom,2020/4/20,130147,4858,4725.571,29688,1160,1.09,79.63
GBR,Europe,United Kingdom,2020/4/21,134907,4760,4787.714,30773,1085,1.07,79.63
GBR,Europe,United Kingdom,2020/4/22,140397,5490,4848.429,31875,1102,1.06,79.63
GBR,Europe,United Kingdom,2020/4/23,145540,5143,4826.286,32913,1038,1.04,79.63
GBR,Europe,United Kingdom,2020/4/24,150513,4973,4827.429,33918,1005,1.03,79.63
GBR,Europe,United Kingdom,2020/4/25,154261,3748,4689.143,34837,919,1.02,79.63
GBR,Europe,United Kingdom,2020/4/26,157729,3468,4634.286,35731,894,1.01,79.63
GBR,Europe,United Kingdom,2020/4/27,162431,4702,4612,36597,866,0.99,79.63
GBR,Europe,United Kingdom,2020/4/28,167152,4721,4606.429,37398,801,0.98,79.63
GBR,Europe,United Kingdom,2020/4/29,172587,5435,4598.571,38215,817,0.97,79.63
GBR,Europe,United Kingdom,2020/4/30,177543,4956,4571.857,38995,780,0.96,79.63
GBR,Europe,United Kingdom,2020/5/1,182270,4727,4536.714,39781,786,0.94,79.63
GBR,Europe,United Kingdom,2020/5/2,185491,3221,4461.429,40486,705,0.93,79.63
GBR,Europe,United Kingdom,2020/5/3,188465,2974,4390.857,41148,662,0.91,79.63
GBR,Europe,United Kingdom,2020/5/4,191843,3378,4201.714,41824,676,0.9,79.63
GBR,Europe,United Kingdom,2020/5/5,195527,3684,4053.571,42466,642,0.89,79.63
GBR,Europe,United Kingdom,2020/5/6,199358,3831,3824.429,43093,627,0.88,79.63
GBR,Europe,United Kingdom,2020/5/7,203125,3767,3654.571,43724,631,0.87,79.63
GBR,Europe,United Kingdom,2020/5/8,206174,3049,3414.857,44293,569,0.86,79.63
GBR,Europe,United Kingdom,2020/5/9,208324,2150,3261.857,44832,539,0.86,79.63
GBR,Europe,United Kingdom,2020/5/10,210645,2321,3168.571,45326,494,0.85,79.63
GBR,Europe,United Kingdom,2020/5/11,214228,3583,3197.857,45754,428,0.85,77.78
GBR,Europe,United Kingdom,2020/5/12,217617,3389,3155.714,46195,441,0.84,77.78
GBR,Europe,United Kingdom,2020/5/13,220915,3298,3079.571,46649,454,0.84,71.3
GBR,Europe,United Kingdom,2020/5/14,223524,2609,2914.143,47114,465,0.83,71.3
GBR,Europe,United Kingdom,2020/5/15,226041,2517,2838.143,47535,421,0.82,71.3
GBR,Europe,United Kingdom,2020/5/16,228106,2065,2826,47954,419,0.82,71.3
GBR,Europe,United Kingdom,2020/5/17,229932,1826,2755.286,48331,377,0.82,71.3
GBR,Europe,United Kingdom,2020/5/18,232506,2574,2611.143,48738,407,0.81,71.3
GBR,Europe,United Kingdom,2020/5/19,235547,3041,2561.429,49110,372,0.81,71.3
GBR,Europe,United Kingdom,2020/5/20,238253,2706,2476.857,49463,353,0.8,71.3
GBR,Europe,United Kingdom,2020/5/21,240795,2542,2467.286,49805,342,0.79,71.3
GBR,Europe,United Kingdom,2020/5/22,242825,2030,2397.714,50105,300,0.79,71.3
GBR,Europe,United Kingdom,2020/5/23,244332,1507,2318,50389,284,0.78,71.3
GBR,Europe,United Kingdom,2020/5/24,245680,1348,2249.714,50670,281,0.77,71.3
GBR,Europe,United Kingdom,2020/5/25,247287,1607,2111.571,50949,279,0.77,71.3
GBR,Europe,United Kingdom,2020/5/26,248937,1650,1912.857,51249,300,0.77,71.3
GBR,Europe,United Kingdom,2020/5/27,250739,1802,1783.714,51531,282,0.77,71.3
GBR,Europe,United Kingdom,2020/5/28,252473,1734,1668.286,51819,288,0.76,71.3
GBR,Europe,United Kingdom,2020/5/29,253977,1504,1593.143,52073,254,0.76,69.44
GBR,Europe,United Kingdom,2020/5/30,255076,1099,1534.857,52292,219,0.76,69.44
GBR,Europe,United Kingdom,2020/5/31,256145,1069,1495,52487,195,0.76,69.44
GBR,Europe,United Kingdom,2020/6/1,257579,1434,1470.286,52686,199,0.76,67.59
GBR,Europe,United Kingdom,2020/6/2,259046,1467,1444.143,52919,233,0.77,67.59
GBR,Europe,United Kingdom,2020/6/3,260388,1342,1378.429,53122,203,0.77,67.59
GBR,Europe,United Kingdom,2020/6/4,261622,1234,1307,53305,183,0.77,67.59
GBR,Europe,United Kingdom,2020/6/5,262727,1105,1250,53489,184,0.77,67.59
GBR,Europe,United Kingdom,2020/6/6,263518,791,1206,53640,151,0.77,67.59
GBR,Europe,United Kingdom,2020/6/7,264235,717,1155.714,53803,163,0.78,67.59
GBR,Europe,United Kingdom,2020/6/8,265321,1086,1106,53964,161,0.78,73.15
GBR,Europe,United Kingdom,2020/6/9,266474,1153,1061.143,54101,137,0.79,73.15
GBR,Europe,United Kingdom,2020/6/10,267656,1182,1038.286,54267,166,0.8,73.15
GBR,Europe,United Kingdom,2020/6/11,268657,1001,1005,54388,121,0.8,73.15
GBR,Europe,United Kingdom,2020/6/12,269710,1053,997.571,54523,135,0.8,73.15
GBR,Europe,United Kingdom,2020/6/13,270597,887,1011.286,54624,101,0.81,73.15
GBR,Europe,United Kingdom,2020/6/14,271404,807,1024.143,54760,136,0.81,73.15
GBR,Europe,United Kingdom,2020/6/15,272430,1026,1015.571,54867,107,0.82,71.3
GBR,Europe,United Kingdom,2020/6/16,273507,1077,1004.714,54987,120,0.82,71.3
GBR,Europe,United Kingdom,2020/6/17,274504,997,978.286,55092,105,0.82,71.3
GBR,Europe,United Kingdom,2020/6/18,275524,1020,981,55182,90,0.82,71.3
GBR,Europe,United Kingdom,2020/6/19,276504,980,970.571,55270,88,0.82,71.3
GBR,Europe,United Kingdom,2020/6/20,277170,666,939,55357,87,0.81,71.3
GBR,Europe,United Kingdom,2020/6/21,277792,622,912.571,55437,80,0.81,71.3
GBR,Europe,United Kingdom,2020/6/22,278684,892,893.429,55520,83,0.81,71.3
GBR,Europe,United Kingdom,2020/6/23,279566,882,865.571,55617,97,0.81,71.3
GBR,Europe,United Kingdom,2020/6/24,280340,774,833.714,55718,101,0.81,71.3
GBR,Europe,United Kingdom,2020/6/25,281037,697,787.571,55826,108,0.81,71.3
GBR,Europe,United Kingdom,2020/6/26,281675,638,738.714,55905,79,0.8,71.3
GBR,Europe,United Kingdom,2020/6/27,282308,633,734,55978,73,0.8,71.3
GBR,Europe,United Kingdom,2020/6/28,282703,395,701.571,56049,71,0.8,71.3
GBR,Europe,United Kingdom,2020/6/29,283307,604,660.429,56118,69,0.81,71.3
GBR,Europe,United Kingdom,2020/6/30,283710,403,592,56199,81,0.81,71.3
GBR,Europe,United Kingdom,2020/7/1,283770,60,490,56253,54,0.82,71.3
GBR,Europe,United Kingdom,2020/7/2,283774,4,391,56314,61,0.83,71.3
GBR,Europe,United Kingdom,2020/7/3,284276,502,371.571,56362,48,0.86,71.3
GBR,Europe,United Kingdom,2020/7/4,284900,624,370.286,56414,52,0.89,69.91
GBR,Europe,United Kingdom,2020/7/5,285416,516,387.571,56466,52,0.91,69.91
GBR,Europe,United Kingdom,2020/7/6,285768,352,351.571,56520,54,0.93,64.35
GBR,Europe,United Kingdom,2020/7/7,286349,581,377,56563,43,0.96,64.35
GBR,Europe,United Kingdom,2020/7/8,286979,630,458.429,56610,47,0.98,64.35
GBR,Europe,United Kingdom,2020/7/9,287621,642,549.571,56671,61,1,64.35
GBR,Europe,United Kingdom,2020/7/10,288133,512,551,56715,44,1.01,64.35
GBR,Europe,United Kingdom,2020/7/11,288953,820,579,56753,38,1.03,64.35
GBR,Europe,United Kingdom,2020/7/12,289603,650,598.143,56785,32,1.04,64.35
GBR,Europe,United Kingdom,2020/7/13,290133,530,623.571,56830,45,1.05,64.35
GBR,Europe,United Kingdom,2020/7/14,291373,1240,717.714,56872,42,1.05,64.35
GBR,Europe,United Kingdom,2020/7/15,291911,538,704.571,56913,41,1.05,64.35
GBR,Europe,United Kingdom,2020/7/16,292552,641,704.429,56934,21,1.05,64.35
GBR,Europe,United Kingdom,2020/7/17,293239,687,729.429,56968,34,1.05,64.35
GBR,Europe,United Kingdom,2020/7/18,294066,827,730.429,56999,31,1.05,64.35
GBR,Europe,United Kingdom,2020/7/19,294792,726,741.286,57023,24,1.05,64.35
GBR,Europe,United Kingdom,2020/7/20,295372,580,748.429,57054,31,1.05,64.35
GBR,Europe,United Kingdom,2020/7/21,295817,445,634.857,57085,31,1.05,64.35
GBR,Europe,United Kingdom,2020/7/22,296377,560,638,57119,34,1.05,64.35
GBR,Europe,United Kingdom,2020/7/23,297146,769,656.286,57155,36,1.06,64.35
GBR,Europe,United Kingdom,2020/7/24,297914,768,667.857,57174,19,1.07,64.35
GBR,Europe,United Kingdom,2020/7/25,298681,767,659.286,57197,23,1.07,64.35
GBR,Europe,United Kingdom,2020/7/26,299426,745,662,57229,32,1.07,64.35
GBR,Europe,United Kingdom,2020/7/27,300111,685,677,57247,18,1.08,64.35
GBR,Europe,United Kingdom,2020/7/28,300658,547,691.571,57273,26,1.08,64.35
GBR,Europe,United Kingdom,2020/7/29,301455,797,725.429,57301,28,1.09,64.35
GBR,Europe,United Kingdom,2020/7/30,302301,846,736.429,57318,17,1.09,64.35
GBR,Europe,United Kingdom,2020/7/31,303181,880,752.429,57349,31,1.1,64.35
GBR,Europe,United Kingdom,2020/8/1,303942,761,751.571,57369,20,1.1,69.91
GBR,Europe,United Kingdom,2020/8/2,304685,743,751.286,57386,17,1.1,69.91
GBR,Europe,United Kingdom,2020/8/3,305623,938,787.429,57409,23,1.11,69.91
GBR,Europe,United Kingdom,2020/8/4,306293,670,805,57436,27,1.11,69.91
GBR,Europe,United Kingdom,2020/8/5,307184,891,818.429,57449,13,1.12,69.91
GBR,Europe,United Kingdom,2020/8/6,308134,950,833.286,57470,21,1.12,69.91
GBR,Europe,United Kingdom,2020/8/7,309005,871,832,57494,24,1.12,69.91
GBR,Europe,United Kingdom,2020/8/8,309763,758,831.571,57516,22,1.13,69.91
GBR,Europe,United Kingdom,2020/8/9,310825,1062,877.143,57535,19,1.13,69.91
GBR,Europe,United Kingdom,2020/8/10,311641,816,859.714,57560,25,1.14,69.91
GBR,Europe,United Kingdom,2020/8/11,312789,1148,928,57580,20,1.14,69.91
GBR,Europe,United Kingdom,2020/8/12,313798,1009,944.857,57604,24,1.14,69.91
GBR,Europe,United Kingdom,2020/8/13,314927,1129,970.429,57627,23,1.14,66.2
GBR,Europe,United Kingdom,2020/8/14,316367,1440,1051.714,57645,18,1.14,66.2
GBR,Europe,United Kingdom,2020/8/15,317379,1012,1088,57668,23,1.14,66.2
GBR,Europe,United Kingdom,2020/8/16,318484,1105,1094.143,57683,15,1.13,66.2
GBR,Europe,United Kingdom,2020/8/17,319197,713,1079.429,57704,21,1.13,66.2
GBR,Europe,United Kingdom,2020/8/18,320286,1089,1071,57719,15,1.13,66.2
GBR,Europe,United Kingdom,2020/8/19,321098,812,1042.857,57732,13,1.13,66.2
GBR,Europe,United Kingdom,2020/8/20,322280,1182,1050.429,57748,16,1.14,66.2
GBR,Europe,United Kingdom,2020/8/21,323313,1033,992.286,57758,10,1.14,66.2
GBR,Europe,United Kingdom,2020/8/22,324601,1288,1031.714,57770,12,1.15,66.2
GBR,Europe,United Kingdom,2020/8/23,325642,1041,1022.571,57787,17,1.16,66.2
GBR,Europe,United Kingdom,2020/8/24,326614,972,1059.571,57797,10,1.17,66.2
GBR,Europe,United Kingdom,2020/8/25,327798,1184,1073.143,57819,22,1.18,66.2
GBR,Europe,United Kingdom,2020/8/26,328846,1048,1106.857,57835,16,1.19,66.2
GBR,Europe,United Kingdom,2020/8/27,330368,1522,1155.429,57847,12,1.2,66.2
GBR,Europe,United Kingdom,2020/8/28,331644,1276,1190.143,57859,12,1.21,66.2
GBR,Europe,United Kingdom,2020/8/29,332752,1108,1164.429,57867,8,1.22,66.2
GBR,Europe,United Kingdom,2020/8/30,334467,1715,1260.714,57878,11,1.24,66.2
GBR,Europe,United Kingdom,2020/8/31,335873,1406,1322.714,57896,18,1.25,66.2
GBR,Europe,United Kingdom,2020/9/1,337168,1295,1338.571,57907,11,1.26,64.35
GBR,Europe,United Kingdom,2020/9/2,338676,1508,1404.286,57922,15,1.28,64.35
GBR,Europe,United Kingdom,2020/9/3,340411,1735,1434.714,57931,9,1.29,64.35
GBR,Europe,United Kingdom,2020/9/4,342351,1940,1529.571,57946,15,1.31,64.35
GBR,Europe,United Kingdom,2020/9/5,344164,1813,1630.286,57960,14,1.32,64.35
GBR,Europe,United Kingdom,2020/9/6,347152,2988,1812.143,57973,13,1.34,64.35
GBR,Europe,United Kingdom,2020/9/7,350100,2948,2032.429,57997,24,1.35,64.35
GBR,Europe,United Kingdom,2020/9/8,352560,2460,2198.857,58013,16,1.35,64.35
GBR,Europe,United Kingdom,2020/9/9,355219,2659,2363.286,58027,14,1.35,64.35
GBR,Europe,United Kingdom,2020/9/10,358138,2919,2532.429,58043,16,1.35,64.35
GBR,Europe,United Kingdom,2020/9/11,361677,3539,2760.857,58063,20,1.35,64.35
GBR,Europe,United Kingdom,2020/9/12,365174,3497,3001.429,58086,23,1.35,64.35
GBR,Europe,United Kingdom,2020/9/13,368504,3330,3050.286,58106,20,1.34,64.35
GBR,Europe,United Kingdom,2020/9/14,371125,2621,3003.571,58127,21,1.34,65.74
GBR,Europe,United Kingdom,2020/9/15,374228,3103,3095.429,58153,26,1.34,65.74
GBR,Europe,United Kingdom,2020/9/16,378219,3991,3285.714,58184,31,1.35,65.74
GBR,Europe,United Kingdom,2020/9/17,381614,3395,3353.714,58222,38,1.35,65.74
GBR,Europe,United Kingdom,2020/9/18,385936,4322,3465.571,58252,30,1.35,65.74
GBR,Europe,United Kingdom,2020/9/19,390358,4422,3597.714,58277,25,1.36,65.74
GBR,Europe,United Kingdom,2020/9/20,394257,3899,3679,58317,40,1.36,65.74
GBR,Europe,United Kingdom,2020/9/21,398625,4368,3928.571,58347,30,1.37,65.74
GBR,Europe,United Kingdom,2020/9/22,403551,4926,4189,58386,39,1.37,65.74
GBR,Europe,United Kingdom,2020/9/23,409729,6178,4501.429,58444,58,1.38,65.74
GBR,Europe,United Kingdom,2020/9/24,416363,6634,4964.143,58478,34,1.38,67.59
GBR,Europe,United Kingdom,2020/9/25,423236,6873,5328.571,58518,40,1.38,67.59
GBR,Europe,United Kingdom,2020/9/26,429277,6041,5559.857,58565,47,1.38,67.59
GBR,Europe,United Kingdom,2020/9/27,434969,5692,5816,58621,56,1.38,67.59
GBR,Europe,United Kingdom,2020/9/28,439013,4044,5769.714,58676,55,1.39,67.59
GBR,Europe,United Kingdom,2020/9/29,446156,7143,6086.429,58724,48,1.4,67.59
GBR,Europe,United Kingdom,2020/9/30,453264,7108,6219.286,58785,61,1.41,67.59
GBR,Europe,United Kingdom,2020/10/1,460178,6914,6259.286,58856,71,1.42,67.59
GBR,Europe,United Kingdom,2020/10/2,467146,6968,6272.857,58930,74,1.44,67.59
GBR,Europe,United Kingdom,2020/10/3,480017,12871,7248.571,59000,70,1.45,67.59
GBR,Europe,United Kingdom,2020/10/4,502978,22961,9715.571,59063,63,1.46,67.59
GBR,Europe,United Kingdom,2020/10/5,515571,12593,10936.857,59131,68,1.44,67.59
GBR,Europe,United Kingdom,2020/10/6,530113,14542,11993.857,59215,84,1.42,67.59
GBR,Europe,United Kingdom,2020/10/7,544275,14162,13001.571,59325,110,1.4,67.59
GBR,Europe,United Kingdom,2020/10/8,561815,17540,14519.571,59422,97,1.38,67.59
GBR,Europe,United Kingdom,2020/10/9,575679,13864,15504.714,59518,96,1.36,67.59
GBR,Europe,United Kingdom,2020/10/10,590844,15165,15832.429,59625,107,1.34,67.59
GBR,Europe,United Kingdom,2020/10/11,603716,12872,14391.143,59753,128,1.32,67.59
GBR,Europe,United Kingdom,2020/10/12,617688,13972,14588.143,59873,120,1.31,60.19
GBR,Europe,United Kingdom,2020/10/13,634920,17232,14972.429,59992,119,1.3,60.19
GBR,Europe,United Kingdom,2020/10/14,654644,19724,15767,60115,123,1.29,60.19
GBR,Europe,United Kingdom,2020/10/15,673622,18978,15972.429,60267,152,1.27,60.19
GBR,Europe,United Kingdom,2020/10/16,689257,15635,16225.429,60429,162,1.26,60.19
GBR,Europe,United Kingdom,2020/10/17,705428,16171,16369.143,60615,186,1.25,60.19
GBR,Europe,United Kingdom,2020/10/18,722409,16981,16956.143,60782,167,1.24,60.19
GBR,Europe,United Kingdom,2020/10/19,741212,18803,17646.286,60975,193,1.23,65.74
GBR,Europe,United Kingdom,2020/10/20,762542,21330,18231.714,61185,210,1.23,65.74
GBR,Europe,United Kingdom,2020/10/21,789229,26687,19226.429,61417,232,1.22,65.74
GBR,Europe,United Kingdom,2020/10/22,810467,21238,19549.286,61659,242,1.2,67.59
GBR,Europe,United Kingdom,2020/10/23,830998,20531,20248.714,61884,225,1.19,75
GBR,Europe,United Kingdom,2020/10/24,854010,23012,21226,62103,219,1.18,75
GBR,Europe,United Kingdom,2020/10/25,873800,19790,21627.286,62358,255,1.17,75
GBR,Europe,United Kingdom,2020/10/26,894690,20890,21925.429,62640,282,1.16,75
GBR,Europe,United Kingdom,2020/10/27,917575,22885,22147.571,62925,285,1.15,75
GBR,Europe,United Kingdom,2020/10/28,942275,24700,21863.714,63206,281,1.14,75
GBR,Europe,United Kingdom,2020/10/29,965340,23065,22124.714,63526,320,1.13,75
GBR,Europe,United Kingdom,2020/10/30,989745,24405,22678.143,63878,352,1.12,75
GBR,Europe,United Kingdom,2020/10/31,1011660,21915,22521.429,64218,340,1.11,75
GBR,Europe,United Kingdom,2020/11/1,1034914,23254,23016.286,64577,359,1.1,75
GBR,Europe,United Kingdom,2020/11/2,1053864,18950,22739.143,64915,338,1.09,75
GBR,Europe,United Kingdom,2020/11/3,1073882,20018,22329.571,65292,377,1.08,75
GBR,Europe,United Kingdom,2020/11/4,1099059,25177,22397.714,65632,340,1.07,75
GBR,Europe,United Kingdom,2020/11/5,1123197,24138,22551,66020,388,1.07,75
GBR,Europe,United Kingdom,2020/11/6,1146484,23287,22391.286,66437,417,1.06,72.22
GBR,Europe,United Kingdom,2020/11/7,1171441,24957,22825.857,66854,417,1.06,72.22
GBR,Europe,United Kingdom,2020/11/8,1192013,20572,22442.714,67287,433,1.05,72.22
GBR,Europe,United Kingdom,2020/11/9,1213363,21350,22785.571,67780,493,1.04,66.67
GBR,Europe,United Kingdom,2020/11/10,1233775,20412,22841.857,68190,410,1.04,64.81
GBR,Europe,United Kingdom,2020/11/11,1256725,22950,22523.714,68599,409,1.03,64.81
GBR,Europe,United Kingdom,2020/11/12,1290195,33470,23856.857,69029,430,1.03,64.81
GBR,Europe,United Kingdom,2020/11/13,1317496,27301,24430.286,69479,450,1.02,64.81
GBR,Europe,United Kingdom,2020/11/14,1344356,26860,24702.143,69938,459,1.01,64.81
GBR,Europe,United Kingdom,2020/11/15,1369318,24962,25329.286,70395,457,1,64.81
GBR,Europe,United Kingdom,2020/11/16,1390681,21363,25331.143,70826,431,0.99,64.81
GBR,Europe,United Kingdom,2020/11/17,1410732,20051,25279.571,71292,466,0.97,64.81
GBR,Europe,United Kingdom,2020/11/18,1430341,19609,24802.286,71806,514,0.96,64.81
GBR,Europe,United Kingdom,2020/11/19,1453256,22915,23294.429,72291,485,0.95,64.81
GBR,Europe,United Kingdom,2020/11/20,1473508,20252,22287.429,72776,485,0.95,67.59
GBR,Europe,United Kingdom,2020/11/21,1493383,19875,21289.571,73274,498,0.94,67.59
GBR,Europe,United Kingdom,2020/11/22,1512045,18662,20389.571,73786,512,0.93,67.59
GBR,Europe,United Kingdom,2020/11/23,1527495,15450,19544.857,74294,508,0.93,67.59
GBR,Europe,United Kingdom,2020/11/24,1538794,11299,18294.571,74790,496,0.92,67.59
GBR,Europe,United Kingdom,2020/11/25,1557007,18213,18095.143,75289,499,0.93,67.59
GBR,Europe,United Kingdom,2020/11/26,1574562,17555,17329.429,75750,461,0.93,67.59
GBR,Europe,United Kingdom,2020/11/27,1589301,14739,16541.857,76210,460,0.93,67.59
GBR,Europe,United Kingdom,2020/11/28,1605172,15871,15969.857,76696,486,0.94,67.59
GBR,Europe,United Kingdom,2020/11/29,1617327,12155,15040.286,77197,501,0.94,67.59
GBR,Europe,United Kingdom,2020/11/30,1629657,12330,14594.571,77662,465,0.95,67.59
GBR,Europe,United Kingdom,2020/12/1,1643086,13429,14898.857,78087,425,0.97,67.59
GBR,Europe,United Kingdom,2020/12/2,1659256,16170,14607,78501,414,0.98,67.59
GBR,Europe,United Kingdom,2020/12/3,1674134,14878,14224.571,79005,504,0.99,63.89
GBR,Europe,United Kingdom,2020/12/4,1690432,16298,14447.286,79504,499,1.01,63.89
GBR,Europe,United Kingdom,2020/12/5,1705971,15539,14399.857,79911,407,1.02,63.89
GBR,Europe,United Kingdom,2020/12/6,1723242,17271,15130.714,80347,436,1.04,63.89
GBR,Europe,United Kingdom,2020/12/7,1737960,14718,15471.857,80813,466,1.06,63.89
GBR,Europe,United Kingdom,2020/12/8,1750241,12281,15307.857,81285,472,1.07,67.59
GBR,Europe,United Kingdom,2020/12/9,1766819,16578,15366.143,81733,448,1.09,67.59
GBR,Europe,United Kingdom,2020/12/10,1787783,20964,16235.571,82229,496,1.11,67.59
GBR,Europe,United Kingdom,2020/12/11,1809455,21672,17003.286,82720,491,1.13,67.59
GBR,Europe,United Kingdom,2020/12/12,1830956,21501,17855,83208,488,1.14,67.59
GBR,Europe,United Kingdom,2020/12/13,1849403,18447,18023,83688,480,1.16,67.59
GBR,Europe,United Kingdom,2020/12/14,1869666,20263,18815.143,84194,506,1.17,73.15
GBR,Europe,United Kingdom,2020/12/15,1888116,18450,19696.429,84701,507,1.19,73.15
GBR,Europe,United Kingdom,2020/12/16,1913277,25161,20922.571,85185,484,1.2,73.15
GBR,Europe,United Kingdom,2020/12/17,1948660,35383,22982.429,85752,567,1.22,73.15
GBR,Europe,United Kingdom,2020/12/18,1977167,28507,23958.857,86338,586,1.23,73.15
GBR,Europe,United Kingdom,2020/12/19,2004219,27052,24751.857,86886,548,1.23,76.85
GBR,Europe,United Kingdom,2020/12/20,2040147,35928,27249.143,87437,551,1.24,76.85
GBR,Europe,United Kingdom,2020/12/21,2073511,33364,29120.714,88039,602,1.24,76.85
GBR,Europe,United Kingdom,2020/12/22,2110314,36803,31742.571,88668,629,1.24,76.85
GBR,Europe,United Kingdom,2020/12/23,2149551,39237,33753.429,89297,629,1.24,76.85
GBR,Europe,United Kingdom,2020/12/24,2188587,39036,34275.286,89913,616,1.23,79.63
GBR,Europe,United Kingdom,2020/12/25,2221312,32725,34877.857,90568,655,1.23,75.46
GBR,Europe,United Kingdom,2020/12/26,2256005,34693,35969.429,91260,692,1.23,79.63
GBR,Europe,United Kingdom,2020/12/27,2288345,32340,35456.857,91978,718,1.22,79.63
GBR,Europe,United Kingdom,2020/12/28,2329730,41385,36602.714,92701,723,1.23,79.63
GBR,Europe,United Kingdom,2020/12/29,2382865,53135,38935.857,93414,713,1.23,79.63
GBR,Europe,United Kingdom,2020/12/30,2432888,50023,40476.714,94174,760,1.22,79.63
GBR,Europe,United Kingdom,2020/12/31,2488780,55892,42884.714,94998,824,1.21,79.63
GBR,Europe,United Kingdom,2021/1/1,2542065,53285,45821.857,95807,809,1.2,79.63
GBR,Europe,United Kingdom,2021/1/2,2599789,57724,49112,96640,833,1.19,79.63
GBR,Europe,United Kingdom,2021/1/3,2654779,54990,52347.714,97447,807,1.18,79.63
GBR,Europe,United Kingdom,2021/1/4,2713563,58784,54833.286,98343,896,1.16,79.63
GBR,Europe,United Kingdom,2021/1/5,2774479,60916,55944.857,99316,973,1.14,87.96
GBR,Europe,United Kingdom,2021/1/6,2836801,62322,57701.857,100330,1014,1.12,87.96
GBR,Europe,United Kingdom,2021/1/7,2889419,52618,57234.143,101385,1055,1.1,87.96
GBR,Europe,United Kingdom,2021/1/8,2957472,68053,59343.857,102437,1052,1.08,87.96
GBR,Europe,United Kingdom,2021/1/9,3017409,59937,59660,103530,1093,1.06,87.96
GBR,Europe,United Kingdom,2021/1/10,3072349,54940,59652.857,104703,1173,1.04,87.96
GBR,Europe,United Kingdom,2021/1/11,3118518,46169,57850.714,105946,1243,1.01,87.96
GBR,Europe,United Kingdom,2021/1/12,3164051,45533,55653.143,107266,1320,0.99,87.96
GBR,Europe,United Kingdom,2021/1/13,3211576,47525,53539.286,108575,1309,0.97,87.96
GBR,Europe,United Kingdom,2021/1/14,3260258,48682,52977,109915,1340,0.95,87.96
GBR,Europe,United Kingdom,2021/1/15,3316019,55761,51221,111239,1324,0.94,87.96
GBR,Europe,United Kingdom,2021/1/16,3357361,41342,48564.571,112657,1418,0.92,87.96
GBR,Europe,United Kingdom,2021/1/17,3395959,38598,46230,114018,1361,0.9,87.96
GBR,Europe,United Kingdom,2021/1/18,3433494,37535,44996.571,115419,1401,0.89,87.96
GBR,Europe,United Kingdom,2021/1/19,3466849,33355,43256.857,116909,1490,0.87,87.96
GBR,Europe,United Kingdom,2021/1/20,3505754,38905,42025.429,118291,1382,0.86,87.96
GBR,Europe,United Kingdom,2021/1/21,3543646,37892,40484,119641,1350,0.85,87.96
GBR,Europe,United Kingdom,2021/1/22,3583907,40261,38269.714,120975,1334,0.83,87.96
GBR,Europe,United Kingdom,2021/1/23,3617459,33552,37156.857,122262,1287,0.82,87.96
GBR,Europe,United Kingdom,2021/1/24,3647463,30004,35929.143,123501,1239,0.81,87.96
GBR,Europe,United Kingdom,2021/1/25,3669658,22195,33737.714,124764,1263,0.8,87.96
GBR,Europe,United Kingdom,2021/1/26,3689746,20088,31842.429,125936,1172,0.79,87.96
GBR,Europe,United Kingdom,2021/1/27,3715054,25308,29900,127168,1232,0.78,87.96
GBR,Europe,United Kingdom,2021/1/28,3743734,28680,28584,128392,1224,0.78,87.96
GBR,Europe,United Kingdom,2021/1/29,3772813,29079,26986.571,129552,1160,0.77,87.96
GBR,Europe,United Kingdom,2021/1/30,3796088,23275,25518.429,130577,1025,0.77,87.96
GBR,Europe,United Kingdom,2021/1/31,3817176,21088,24244.714,131572,995,0.76,87.96
GBR,Europe,United Kingdom,2021/2/1,3835783,18607,23732.143,132578,1006,0.76,87.96
GBR,Europe,United Kingdom,2021/2/2,3852623,16840,23268.143,133541,963,0.75,87.96
GBR,Europe,United Kingdom,2021/2/3,3871825,19202,22395.857,134516,975,0.75,87.96
GBR,Europe,United Kingdom,2021/2/4,3892459,20634,21246.429,135342,826,0.75,87.96
GBR,Europe,United Kingdom,2021/2/5,3911573,19114,19822.857,136216,874,0.74,87.96
GBR,Europe,United Kingdom,2021/2/6,3929835,18262,19106.714,137003,787,0.74,87.96
GBR,Europe,United Kingdom,2021/2/7,3945680,15845,18357.714,137756,753,0.74,87.96
GBR,Europe,United Kingdom,2021/2/8,3959784,14104,17714.429,138537,781,0.74,87.96
GBR,Europe,United Kingdom,2021/2/9,3972148,12364,17075,139260,723,0.74,87.96
GBR,Europe,United Kingdom,2021/2/10,3985161,13013,16190.857,139972,712,0.74,87.96
GBR,Europe,United Kingdom,2021/2/11,3998655,13494,15170.857,140648,676,0.74,87.96
GBR,Europe,United Kingdom,2021/2/12,4013799,15144,14603.714,141284,636,0.74,87.96
GBR,Europe,United Kingdom,2021/2/13,4027106,13307,13895.857,141870,586,0.74,87.96
GBR,Europe,United Kingdom,2021/2/14,4038078,10972,13199.714,142475,605,0.74,87.96
GBR,Europe,United Kingdom,2021/2/15,4047843,9765,12579.857,143090,615,0.75,87.96
GBR,Europe,United Kingdom,2021/2/16,4058468,10625,12331.429,143657,567,0.75,87.96
GBR,Europe,United Kingdom,2021/2/17,4071185,12717,12289.143,144163,506,0.75,87.96
GBR,Europe,United Kingdom,2021/2/18,4083242,12057,12083.857,144684,521,0.76,87.96
GBR,Europe,United Kingdom,2021/2/19,4095269,12027,11638.571,145153,469,0.76,87.96
GBR,Europe,United Kingdom,2021/2/20,4105675,10406,11224.143,145605,452,0.76,87.96
GBR,Europe,United Kingdom,2021/2/21,4115509,9834,11061.571,146016,411,0.76,87.96
GBR,Europe,United Kingdom,2021/2/22,4126150,10641,11186.714,146395,379,0.76,86.11
GBR,Europe,United Kingdom,2021/2/23,4134639,8489,10881.571,146775,380,0.76,86.11
GBR,Europe,United Kingdom,2021/2/24,4144577,9938,10484.571,147141,366,0.76,86.11
GBR,Europe,United Kingdom,2021/2/25,4154562,9985,10188.571,147496,355,0.76,86.11
GBR,Europe,United Kingdom,2021/2/26,4163085,8523,9688,147800,304,0.76,86.11
GBR,Europe,United Kingdom,2021/2/27,4170519,7434,9263.429,148107,307,0.76,86.11
GBR,Europe,United Kingdom,2021/2/28,4176554,6035,8720.714,148388,281,0.76,86.11
GBR,Europe,United Kingdom,2021/3/1,4182009,5455,7979.857,148685,297,0.76,86.11
GBR,Europe,United Kingdom,2021/3/2,4188400,6391,7680.143,148929,244,0.76,86.11
GBR,Europe,United Kingdom,2021/3/3,4194785,6385,7172.571,149147,218,0.77,86.11
GBR,Europe,United Kingdom,2021/3/4,4201358,6573,6685.143,149380,233,0.77,86.11
GBR,Europe,United Kingdom,2021/3/5,4207304,5946,6317,149602,222,0.78,86.11
GBR,Europe,United Kingdom,2021/3/6,4213343,6039,6117.714,149812,210,0.79,86.11
GBR,Europe,United Kingdom,2021/3/7,4218520,5177,5995.143,150009,197,0.79,86.11
GBR,Europe,United Kingdom,2021/3/8,4223232,4712,5889,150206,197,0.8,82.41
GBR,Europe,United Kingdom,2021/3/9,4228998,5766,5799.714,150391,185,0.81,82.41
GBR,Europe,United Kingdom,2021/3/10,4234924,5926,5734.143,150553,162,0.82,82.41
GBR,Europe,United Kingdom,2021/3/11,4241677,6753,5759.857,150726,173,0.83,82.41
GBR,Europe,United Kingdom,2021/3/12,4248286,6609,5854.571,150861,135,0.84,82.41
GBR,Europe,United Kingdom,2021/3/13,4253820,5534,5782.429,150996,135,0.84,80.56
GBR,Europe,United Kingdom,2021/3/14,4258438,4618,5702.571,151133,137,0.85,80.56
GBR,Europe,United Kingdom,2021/3/15,4263527,5089,5756.429,151271,138,0.85,78.7
GBR,Europe,United Kingdom,2021/3/16,4268821,5294,5689,151385,114,0.86,78.7
GBR,Europe,United Kingdom,2021/3/17,4274579,5758,5665,151512,127,0.86,78.7
GBR,Europe,United Kingdom,2021/3/18,4280882,6303,5600.714,151612,100,0.86,78.7
GBR,Europe,United Kingdom,2021/3/19,4285684,4802,5342.571,151716,104,0.87,78.7
GBR,Europe,United Kingdom,2021/3/20,4291271,5587,5350.143,151816,100,0.87,78.7
GBR,Europe,United Kingdom,2021/3/21,4296583,5312,5449.286,151943,127,0.88,78.7
GBR,Europe,United Kingdom,2021/3/22,4301925,5342,5485.429,152051,108,0.88,78.7
GBR,Europe,United Kingdom,2021/3/23,4307304,5379,5497.571,152145,94,0.88,78.7
GBR,Europe,United Kingdom,2021/3/24,4312908,5604,5475.571,152215,70,0.87,78.7
GBR,Europe,United Kingdom,2021/3/25,4319128,6220,5463.714,152294,79,0.87,78.7
GBR,Europe,United Kingdom,2021/3/26,4325315,6187,5661.571,152369,75,0.86,78.7
GBR,Europe,United Kingdom,2021/3/27,4329180,3865,5415.571,152434,65,0.86,70.37
GBR,Europe,United Kingdom,2021/3/28,4333042,3862,5208.429,152483,49,0.85,70.37
GBR,Europe,United Kingdom,2021/3/29,4337696,4654,5110.143,152554,71,0.85,70.37
GBR,Europe,United Kingdom,2021/3/30,4341736,4040,4918.857,152610,56,0.84,70.37
GBR,Europe,United Kingdom,2021/3/31,4345788,4052,4697.143,152684,74,0.83,70.37
GBR,Europe,United Kingdom,2021/4/1,4350266,4478,4448.286,152747,63,0.83,70.37
GBR,Europe,United Kingdom,2021/4/2,4353668,3402,4050.429,152797,50,0.83,70.37
GBR,Europe,United Kingdom,2021/4/3,4357091,3423,3987.286,152839,42,0.82,70.37
GBR,Europe,United Kingdom,2021/4/4,4359388,2297,3763.714,152892,53,0.82,70.37
GBR,Europe,United Kingdom,2021/4/5,4362150,2762,3493.429,152937,45,0.82,70.37
GBR,Europe,United Kingdom,2021/4/6,4364529,2379,3256.143,152982,45,0.83,70.37
GBR,Europe,United Kingdom,2021/4/7,4367291,2762,3071.857,153027,45,0.83,70.37
GBR,Europe,United Kingdom,2021/4/8,4370321,3030,2865,153089,62,0.84,70.37
GBR,Europe,United Kingdom,2021/4/9,4365461,,,153127,38,0.85,70.37
GBR,Europe,United Kingdom,2021/4/10,4368045,2584,2259.143,153170,43,0.86,70.37
GBR,Europe,United Kingdom,2021/4/11,4369775,1730,2178.143,153211,41,0.87,70.37
GBR,Europe,United Kingdom,2021/4/12,4373343,3568,2293.286,153248,37,0.87,61.11
GBR,Europe,United Kingdom,2021/4/13,4375814,2471,2306.429,153295,47,0.88,61.11
GBR,Europe,United Kingdom,2021/4/14,4378305,2491,2267.714,153330,35,0.89,61.11
GBR,Europe,United Kingdom,2021/4/15,4380976,2671,2216.429,153373,43,0.89,61.11
GBR,Europe,United Kingdom,2021/4/16,4383732,2756,2610.143,153405,32,0.89,61.11
GBR,Europe,United Kingdom,2021/4/17,4385938,2206,2556.143,153448,43,0.9,61.11
GBR,Europe,United Kingdom,2021/4/18,4387820,1882,2577.857,153479,31,0.91,61.11
GBR,Europe,United Kingdom,2021/4/19,4390783,2963,2491.429,153502,23,0.91,61.11
GBR,Europe,United Kingdom,2021/4/20,4393307,2524,2499,153537,35,0.91,61.11
GBR,Europe,United Kingdom,2021/4/21,4395703,2396,2485.429,153573,36,0.92,61.11
GBR,Europe,United Kingdom,2021/4/22,4398431,2728,2493.571,153606,33,0.92,61.11
GBR,Europe,United Kingdom,2021/4/23,4401109,2678,2482.429,153635,29,0.92,61.11
GBR,Europe,United Kingdom,2021/4/24,4403170,2061,2461.714,153659,24,0.92,61.11
GBR,Europe,United Kingdom,2021/4/25,4404882,1712,2437.429,153686,27,0.93,61.11
GBR,Europe,United Kingdom,2021/4/26,4406946,2064,2309,153707,21,0.93,61.11
GBR,Europe,United Kingdom,2021/4/27,4409631,2685,2332,153732,25,0.93,61.11
GBR,Europe,United Kingdom,2021/4/28,4411797,2166,2299.143,153753,21,0.94,61.11
GBR,Europe,United Kingdom,2021/4/29,4414242,2445,2258.714,153770,17,0.94,61.11
GBR,Europe,United Kingdom,2021/4/30,4416623,2381,2216.286,153786,16,0.94,61.11
GBR,Europe,United Kingdom,2021/5/1,4418530,1907,2194.286,153802,16,0.95,61.11
GBR,Europe,United Kingdom,2021/5/2,4420201,1671,2188.429,153821,19,0.96,61.11
GBR,Europe,United Kingdom,2021/5/3,4421850,1649,2129.143,153838,17,0.96,59.72
GBR,Europe,United Kingdom,2021/5/4,4423796,1946,2023.571,153853,15,0.97,59.72
GBR,Europe,United Kingdom,2021/5/5,4425940,2144,2020.429,153875,22,0.98,59.72
GBR,Europe,United Kingdom,2021/5/6,4428553,2613,2044.429,153892,17,0.99,59.72
GBR,Europe,United Kingdom,2021/5/7,4431043,2490,2060,153909,17,1,59.72
GBR,Europe,United Kingdom,2021/5/8,4433090,2047,2080,153929,20,1.01,59.72
GBR,Europe,United Kingdom,2021/5/9,4434860,1770,2094.143,153940,11,1.02,59.72
GBR,Europe,United Kingdom,2021/5/10,4437217,2357,2195.286,153948,8,1.03,59.72
GBR,Europe,United Kingdom,2021/5/11,4439691,2474,2270.714,153969,21,1.04,59.72
GBR,Europe,United Kingdom,2021/5/12,4441975,2284,2290.714,153984,15,1.05,59.72
GBR,Europe,United Kingdom,2021/5/13,4444631,2656,2296.857,153999,15,1.06,59.72
GBR,Europe,United Kingdom,2021/5/14,4446824,2193,2254.429,154013,14,1.07,59.72
GBR,Europe,United Kingdom,2021/5/15,4448851,2027,2251.571,154028,15,1.08,59.72
GBR,Europe,United Kingdom,2021/5/16,4450777,1926,2273.857,154042,14,1.09,59.72
GBR,Europe,United Kingdom,2021/5/17,4452756,1979,2219.857,154055,13,1.11,62.5
GBR,Europe,United Kingdom,2021/5/18,4450392,,,154066,11,1.12,62.5
GBR,Europe,United Kingdom,2021/5/19,4452527,2135,1845.143,154070,4,1.14,62.5
GBR,Europe,United Kingdom,2021/5/20,4455221,2694,1850.571,154077,7,1.15,62.5
GBR,Europe,United Kingdom,2021/5/21,4457923,2702,1923.286,154095,18,1.17,62.5
GBR,Europe,United Kingdom,2021/5/22,4460446,2523,1994.143,154099,4,1.18,62.5
GBR,Europe,United Kingdom,2021/5/23,4462538,2092,2017.857,154115,16,1.19,62.5
GBR,Europe,United Kingdom,2021/5/24,4464900,2362,2072.571,154131,16,1.21,62.5
GBR,Europe,United Kingdom,2021/5/25,4467310,2410,2416.857,154142,11,1.22,62.5
GBR,Europe,United Kingdom,2021/5/26,4470297,2987,2538.571,154156,14,1.23,62.5
GBR,Europe,United Kingdom,2021/5/27,4473677,3380,2636.571,154164,8,1.25,62.5
GBR,Europe,United Kingdom,2021/5/28,4477705,4028,2826,154178,14,1.26,62.5
GBR,Europe,United Kingdom,2021/5/29,4480945,3240,2928.429,154190,12,1.27,62.5
GBR,Europe,United Kingdom,2021/5/30,4484056,3111,3074,154199,9,1.28,62.5
GBR,Europe,United Kingdom,2021/5/31,4487339,3283,3205.571,154210,11,1.29,62.5
GBR,Europe,United Kingdom,2021/6/1,4490438,3099,3304,154220,10,1.31,62.5
GBR,Europe,United Kingdom,2021/6/2,4494699,4261,3486,154232,12,1.32,62.5
GBR,Europe,United Kingdom,2021/6/3,4499878,5179,3743,154248,16,1.33,62.5
GBR,Europe,United Kingdom,2021/6/4,4506018,6140,4044.714,154262,14,1.34,62.5
GBR,Europe,United Kingdom,2021/6/5,4511669,5651,4389.143,154269,7,1.35,51.39
GBR,Europe,United Kingdom,2021/6/6,4516892,5223,4690.857,154282,13,1.35,51.39
GBR,Europe,United Kingdom,2021/6/7,4522476,5584,5019.571,154288,6,1.36,51.39
GBR,Europe,United Kingdom,2021/6/8,4528442,5966,5429.143,154303,15,1.36,51.39
GBR,Europe,United Kingdom,2021/6/9,4535754,7312,5865,154320,17,1.36,51.39
GBR,Europe,United Kingdom,2021/6/10,4542986,7232,6158.286,154336,16,1.36,51.39
GBR,Europe,United Kingdom,2021/6/11,4550944,7958,6418,154349,13,1.36,51.39
GBR,Europe,United Kingdom,2021/6/12,4558494,7550,6689.286,154361,12,1.36,51.39
GBR,Europe,United Kingdom,2021/6/13,4565813,7319,6988.714,154373,12,1.36,51.39
GBR,Europe,United Kingdom,2021/6/14,4573419,7606,7277.571,154386,13,1.36,51.39
GBR,Europe,United Kingdom,2021/6/15,4581006,7587,7509.143,154407,21,1.36,51.39
GBR,Europe,United Kingdom,2021/6/16,4589814,8808,7722.857,154423,16,1.36,51.39
GBR,Europe,United Kingdom,2021/6/17,4600623,10809,8233.857,154432,9,1.36,51.39
GBR,Europe,United Kingdom,2021/6/18,4610893,10270,8564.143,154450,18,1.37,51.39
GBR,Europe,United Kingdom,2021/6/19,4620968,10075,8924.857,154470,20,1.37,51.39
GBR,Europe,United Kingdom,2021/6/20,4630040,9072,9175.286,154492,22,1.38,51.39
GBR,Europe,United Kingdom,2021/6/21,4640507,10467,9584,154505,13,1.38,51.39
GBR,Europe,United Kingdom,2021/6/22,4651988,11481,10140.286,154523,18,1.39,51.39
GBR,Europe,United Kingdom,2021/6/23,4667870,15882,11150.857,154532,9,1.4,51.39
GBR,Europe,United Kingdom,2021/6/24,4684572,16702,11992.714,154561,29,1.4,51.39
GBR,Europe,United Kingdom,2021/6/25,4699868,15296,12710.714,154583,22,1.4,51.39
GBR,Europe,United Kingdom,2021/6/26,4717811,17943,13834.714,154600,17,1.4,51.39
GBR,Europe,United Kingdom,2021/6/27,4732434,14623,14627.714,154624,24,1.4,51.39
GBR,Europe,United Kingdom,2021/6/28,4755078,22644,16367.286,154642,18,1.4,51.39
GBR,Europe,United Kingdom,2021/6/29,4775301,20223,17616.143,154666,24,1.4,51.39
GBR,Europe,United Kingdom,2021/6/30,4800907,25606,19005.286,154692,26,1.39,51.39
GBR,Europe,United Kingdom,2021/7/1,4828463,27556,20555.857,154720,28,1.38,51.39
GBR,Europe,United Kingdom,2021/7/2,4855169,26706,22185.857,154752,32,1.37,51.39
GBR,Europe,United Kingdom,2021/7/3,4879616,24447,23115,154783,31,1.36,51.39
GBR,Europe,United Kingdom,2021/7/4,4903434,23818,24428.571,154813,30,1.35,51.39
GBR,Europe,United Kingdom,2021/7/5,4930534,27100,25065.143,154842,29,1.34,51.39
GBR,Europe,United Kingdom,2021/7/6,4958868,28334,26223.857,154877,35,1.33,51.39
GBR,Europe,United Kingdom,2021/7/7,4990916,32048,27144.143,154913,36,1.31,51.39
GBR,Europe,United Kingdom,2021/7/8,5022893,31977,27775.714,154955,42,1.3,51.39
GBR,Europe,United Kingdom,2021/7/9,5058093,35200,28989.143,155007,52,1.29,51.39
GBR,Europe,United Kingdom,2021/7/10,5089893,31800,30039.571,155052,45,1.28,51.39
GBR,Europe,United Kingdom,2021/7/11,5121245,31352,31115.857,155088,36,1.27,51.39
GBR,Europe,United Kingdom,2021/7/12,5155243,33998,32101.286,155131,43,1.26,51.39
GBR,Europe,United Kingdom,2021/7/13,5191459,36216,33227.286,155181,50,1.25,51.39
GBR,Europe,United Kingdom,2021/7/14,5233207,41748,34613,155228,47,1.23,51.39
GBR,Europe,United Kingdom,2021/7/15,5281098,47891,36886.429,155282,54,1.22,51.39
GBR,Europe,United Kingdom,2021/7/16,5332371,51273,39182.571,155337,55,1.2,51.39
GBR,Europe,United Kingdom,2021/7/17,5386340,53969,42349.571,155397,60,1.18,51.39
GBR,Europe,United Kingdom,2021/7/18,5433939,47599,44670.571,155470,73,1.16,51.39
GBR,Europe,United Kingdom,2021/7/19,5473477,39538,45462,155558,88,1.13,43.98
GBR,Europe,United Kingdom,2021/7/20,5519602,46125,46877.571,155626,68,1.11,43.98
GBR,Europe,United Kingdom,2021/7/21,5563006,43404,47114.143,155687,61,1.08,43.98
GBR,Europe,United Kingdom,2021/7/22,5602321,39315,45889,155772,85,1.05,43.98
GBR,Europe,United Kingdom,2021/7/23,5637975,35654,43657.714,155855,83,1.03,43.98
GBR,Europe,United Kingdom,2021/7/24,5669260,31285,40417.143,155924,69,1.01,43.98
GBR,Europe,United Kingdom,2021/7/25,5697912,28652,37710.429,155997,73,0.99,43.98
GBR,Europe,United Kingdom,2021/7/26,5722298,24386,35545.857,156076,79,0.98,43.98
GBR,Europe,United Kingdom,2021/7/27,5745526,23228,32274.857,156153,77,0.97,43.98
GBR,Europe,United Kingdom,2021/7/28,5770928,25402,29703.143,156237,84,0.96,43.98
GBR,Europe,United Kingdom,2021/7/29,5801561,30633,28462.857,156325,88,0.95,43.98
GBR,Europe,United Kingdom,2021/7/30,5830774,29213,27542.714,156430,105,0.95,43.98
GBR,Europe,United Kingdom,2021/7/31,5856528,25754,26752.571,156521,91,0.95,43.98
GBR,Europe,United Kingdom,2021/8/1,5880667,24139,26107.857,156618,97,0.95,43.98
GBR,Europe,United Kingdom,2021/8/2,5902354,21687,25722.286,156710,92,0.95,43.98
GBR,Europe,United Kingdom,2021/8/3,5923820,21466,25470.571,156790,80,0.96,43.98
GBR,Europe,United Kingdom,2021/8/4,5952756,28936,25975.429,156882,92,0.96,43.98
GBR,Europe,United Kingdom,2021/8/5,5982581,29825,25860,156983,101,0.97,43.98
GBR,Europe,United Kingdom,2021/8/6,6014023,31442,26178.429,157081,98,0.98,43.98
GBR,Europe,United Kingdom,2021/8/7,6042252,28229,26532,157187,106,0.98,43.98
GBR,Europe,United Kingdom,2021/8/8,6069362,27110,26956.429,157271,84,0.99,43.98
GBR,Europe,United Kingdom,2021/8/9,6094243,24881,27412.714,157355,84,0.99,43.98
GBR,Europe,United Kingdom,2021/8/10,6117540,23297,27674.286,157440,85,1,43.98
GBR,Europe,United Kingdom,2021/8/11,6146800,29260,27720.571,157529,89,1,43.98
GBR,Europe,United Kingdom,2021/8/12,6179506,32706,28132.143,157635,106,1.01,43.98
GBR,Europe,United Kingdom,2021/8/13,6211868,32362,28263.571,157733,98,1.01,43.98
GBR,Europe,United Kingdom,2021/8/14,6241011,29143,28394.143,157837,104,1.02,43.98
GBR,Europe,United Kingdom,2021/8/15,6267437,26426,28296.429,157928,91,1.02,43.98
GBR,Europe,United Kingdom,2021/8/16,6295613,28176,28767.143,158017,89,1.03,43.98
GBR,Europe,United Kingdom,2021/8/17,6322241,26628,29243,158119,102,1.03,43.98
GBR,Europe,United Kingdom,2021/8/18,6355887,33646,29869.571,158230,111,1.04,43.98
GBR,Europe,United Kingdom,2021/8/19,6392160,36273,30379.143,158345,115,1.04,43.98
GBR,Europe,United Kingdom,2021/8/20,6429147,36987,31039.857,158472,127,1.04,43.98
GBR,Europe,United Kingdom,2021/8/21,6460930,31783,31417,158590,118,1.04,43.98
GBR,Europe,United Kingdom,2021/8/22,6492906,31976,32209.857,158719,129,1.05,43.98
GBR,Europe,United Kingdom,2021/8/23,6524581,31675,32709.714,158839,120,1.04,43.98
GBR,Europe,United Kingdom,2021/8/24,6555200,30619,33279.857,158957,118,1.04,43.98
GBR,Europe,United Kingdom,2021/8/25,6590747,35547,33551.429,159065,108,1.04,43.98
GBR,Europe,United Kingdom,2021/8/26,6628709,37962,33792.714,159190,125,1.04,43.98
GBR,Europe,United Kingdom,2021/8/27,6666399,37690,33893.143,159329,139,1.04,43.98
GBR,Europe,United Kingdom,2021/8/28,6698486,32087,33936.571,159463,134,1.04,43.98
GBR,Europe,United Kingdom,2021/8/29,6731423,32937,34073.857,159602,139,1.04,43.98
GBR,Europe,United Kingdom,2021/8/30,6757650,26227,33295.571,159711,109,1.03,43.98
GBR,Europe,United Kingdom,2021/8/31,6789581,31931,33483,159839,128,1.04,43.98
GBR,Europe,United Kingdom,2021/9/1,6825074,35493,33475.286,159964,125,1.04,43.98
GBR,Europe,United Kingdom,2021/9/2,6862904,37830,33456.429,160101,137,1.04,43.98
GBR,Europe,United Kingdom,2021/9/3,6904969,42065,34081.429,160253,152,1.03,43.98
GBR,Europe,United Kingdom,2021/9/4,6941611,36642,34732.143,160398,145,1.03,43.98
GBR,Europe,United Kingdom,2021/9/5,6978126,36515,35243.286,160562,164,1.03,43.98
GBR,Europe,United Kingdom,2021/9/6,7018927,40801,37325.286,160719,157,1.02,43.98
GBR,Europe,United Kingdom,2021/9/7,7056106,37179,38075,160885,166,1.02,43.98
GBR,Europe,United Kingdom,2021/9/8,7094592,38486,38502.571,161028,143,1.01,43.98
GBR,Europe,United Kingdom,2021/9/9,7132072,37480,38452.571,161208,180,1,43.98
GBR,Europe,United Kingdom,2021/9/10,7168806,36734,37691,161358,150,0.99,41.2
GBR,Europe,United Kingdom,2021/9/11,7197662,28856,36578.714,161502,144,0.99,41.2
GBR,Europe,United Kingdom,2021/9/12,7226276,28614,35450,161643,141,0.98,41.2
GBR,Europe,United Kingdom,2021/9/13,7256559,30283,33947.429,161761,118,0.98,41.2
GBR,Europe,United Kingdom,2021/9/14,7282810,26251,32386.286,161931,170,0.98,41.2
GBR,Europe,United Kingdom,2021/9/15,7312683,29873,31155.857,162100,169,0.98,41.2
GBR,Europe,United Kingdom,2021/9/16,7339009,26326,29562.429,162262,162,0.98,41.2
GBR,Europe,United Kingdom,2021/9/17,7371301,32292,28927.857,162446,184,0.99,41.2
GBR,Europe,United Kingdom,2021/9/18,7400739,29438,29011,162583,137,0.99,41.2
GBR,Europe,United Kingdom,2021/9/19,7429746,29007,29067.143,162719,136,1,41.2
GBR,Europe,United Kingdom,2021/9/20,7465448,35702,29841.286,162878,159,1,41.2
GBR,Europe,United Kingdom,2021/9/21,7496543,31095,30533.286,163016,138,1.01,41.2
GBR,Europe,United Kingdom,2021/9/22,7530103,33560,31060,163175,159,1.01,41.2
GBR,Europe,United Kingdom,2021/9/23,7565867,35764,32408.286,163324,149,1.01,41.2
GBR,Europe,United Kingdom,2021/9/24,7601487,35620,32883.714,163465,141,1.02,41.2
GBR,Europe,United Kingdom,2021/9/25,7631233,29746,32927.714,163593,128,1.02,41.2
GBR,Europe,United Kingdom,2021/9/26,7664230,32997,33497.714,163704,111,1.02,41.2
GBR,Europe,United Kingdom,2021/9/27,7701715,37485,33752.429,163830,126,1.03,41.2
GBR,Europe,United Kingdom,2021/9/28,7736235,34520,34241.714,163950,120,1.03,41.2
GBR,Europe,United Kingdom,2021/9/29,7771294,35059,34455.857,164092,142,1.03,41.2
GBR,Europe,United Kingdom,2021/9/30,7807036,35742,34452.714,164221,129,1.03,41.2
GBR,Europe,United Kingdom,2021/10/1,7841625,34589,34305.429,164360,139,1.03,40.58
GBR,Europe,United Kingdom,2021/10/2,7871014,29389,34254.429,164478,118,1.03,40.58
GBR,Europe,United Kingdom,2021/10/3,7900680,29666,33778.571,164585,107,1.03,40.58
GBR,Europe,United Kingdom,2021/10/4,7934936,34256,33317.286,164698,113,1.04,40.58
GBR,Europe,United Kingdom,2021/10/5,7967985,33049,33107.143,164833,135,1.04,40.58
GBR,Europe,United Kingdom,2021/10/6,8006660,38675,33623.714,164947,114,1.05,40.57
GBR,Europe,United Kingdom,2021/10/7,8046390,39730,34193.429,165080,133,1.05,40.57
GBR,Europe,United Kingdom,2021/10/8,8081300,34910,34239.286,165202,122,1.05,40.57
GBR,Europe,United Kingdom,2021/10/9,8120713,39413,35671.286,165322,120,1.06,40.57
GBR,Europe,United Kingdom,2021/10/10,8154306,33593,36232.286,165437,115,1.06,40.57
GBR,Europe,United Kingdom,2021/10/11,8193769,39463,36976.143,165575,138,1.06,43.65
GBR,Europe,United Kingdom,2021/10/12,8231437,37668,37636,165711,136,1.06,43.65
GBR,Europe,United Kingdom,2021/10/13,8272883,41446,38031.857,165848,137,1.07,43.64
GBR,Europe,United Kingdom,2021/10/14,8317439,44556,38721.286,166009,161,1.07,43.64
GBR,Europe,United Kingdom,2021/10/15,8361651,44212,40050.143,166149,140,1.07,43.64
GBR,Europe,United Kingdom,2021/10/16,8404469,42818,40536.571,166301,152,1.07,43.64
GBR,Europe,United Kingdom,2021/10/17,8449165,44696,42122.714,166442,141,1.07,43.64
GBR,Europe,United Kingdom,2021/10/18,8497868,48703,43442.714,166581,139,1.06,43.64
GBR,Europe,United Kingdom,2021/10/19,8541192,43324,44250.714,166724,143,1.06,43.63
GBR,Europe,United Kingdom,2021/10/20,8589737,48545,45264.857,166878,154,1.05,43.63
GBR,Europe,United Kingdom,2021/10/21,8641221,51484,46254.571,167043,165,1.05,43.63
GBR,Europe,United Kingdom,2021/10/22,8689949,48728,46899.714,167194,151,1.04,43.63
GBR,Europe,United Kingdom,2021/10/23,8734934,44985,47209.286,167365,171,1.03,43.63
GBR,Europe,United Kingdom,2021/10/24,8773674,38740,46358.429,167531,166,1.02,43.62
GBR,Europe,United Kingdom,2021/10/25,8809774,36100,44558,167680,149,1.01,43.62
GBR,Europe,United Kingdom,2021/10/26,8853227,43453,44576.429,167857,177,1.01,43.62
GBR,Europe,United Kingdom,2021/10/27,8897149,43922,43916,168034,177,1,43.62
GBR,Europe,United Kingdom,2021/10/28,8936155,39006,42133.429,168233,199,1,43.62
GBR,Europe,United Kingdom,2021/10/29,8979236,43081,41326.714,168418,185,0.99,43.62
GBR,Europe,United Kingdom,2021/10/30,9019962,40726,40718.286,168582,164,0.99,43.62
GBR,Europe,United Kingdom,2021/10/31,9057629,37667,40565,168778,196,0.98,43.61
GBR,Europe,United Kingdom,2021/11/1,9097311,39682,41076.714,168970,192,0.98,43.61
GBR,Europe,United Kingdom,2021/11/2,9130857,33546,39661.429,169135,165,0.98,43.61
GBR,Europe,United Kingdom,2021/11/3,9171660,40803,39215.857,169319,184,0.98,43.61
GBR,Europe,United Kingdom,2021/11/4,9208219,36559,38866.286,169487,168,0.97,43.61
GBR,Europe,United Kingdom,2021/11/5,9241916,33697,37525.714,169653,166,0.98,43.61
GBR,Europe,United Kingdom,2021/11/6,9272066,30150,36014.857,169823,170,0.98,43.61
GBR,Europe,United Kingdom,2021/11/7,9301909,29843,34897.143,169984,161,0.98,43.6
GBR,Europe,United Kingdom,2021/11/8,9333891,31982,33797.143,170144,160,0.99,43.6
GBR,Europe,United Kingdom,2021/11/9,9366676,32785,33688.429,170301,157,1,43.6
GBR,Europe,United Kingdom,2021/11/10,9406001,39325,33477.286,170471,170,1,43.6
GBR,Europe,United Kingdom,2021/11/11,9448402,42401,34311.857,170629,158,1.01,43.6
GBR,Europe,United Kingdom,2021/11/12,9487302,38900,35055.143,170774,145,1.02,43.6
GBR,Europe,United Kingdom,2021/11/13,9524971,37669,36129.286,170926,152,1.02,43.59
GBR,Europe,United Kingdom,2021/11/14,9561099,36128,37027.143,171059,133,1.03,43.59
GBR,Europe,United Kingdom,2021/11/15,9600369,39270,38068.286,171230,171,1.03,43.59
GBR,Europe,United Kingdom,2021/11/16,9637190,36821,38644.857,171396,166,1.04,43.59
GBR,Europe,United Kingdom,2021/11/17,9675058,37868,38436.714,171523,127,1.04,43.59
GBR,Europe,United Kingdom,2021/11/18,9721916,46858,39073.429,171654,131,1.05,43.59
GBR,Europe,United Kingdom,2021/11/19,9766153,44237,39835.857,171796,142,1.05,43.59
GBR,Europe,United Kingdom,2021/11/20,9806034,39881,40151.857,171939,143,1.05,43.58
GBR,Europe,United Kingdom,2021/11/21,9845492,39458,40627.571,172060,121,1.06,43.58
GBR,Europe,United Kingdom,2021/11/22,9889926,44434,41365.286,172190,130,1.06,43.58
GBR,Europe,United Kingdom,2021/11/23,9932408,42482,42174,172340,150,1.06,43.58
GBR,Europe,United Kingdom,2021/11/24,9974843,42435,42826.429,172464,124,1.06,43.58
GBR,Europe,United Kingdom,2021/11/25,10021497,46654,42797.286,172605,141,1.07,43.58
GBR,Europe,United Kingdom,2021/11/26,10070841,49344,43526.857,172737,132,1.07,43.58
GBR,Europe,United Kingdom,2021/11/27,10110408,39567,43482,172861,124,1.07,43.57
GBR,Europe,United Kingdom,2021/11/28,10146915,36507,43060.429,173005,144,1.08,43.57
GBR,Europe,United Kingdom,2021/11/29,10189059,42144,42733.286,173149,144,1.08,43.57
GBR,Europe,United Kingdom,2021/11/30,10228772,39713,42337.714,173270,121,1.08,43.57
GBR,Europe,United Kingdom,2021/12/1,10276007,47235,43023.429,173408,138,1.09,43.56
GBR,Europe,United Kingdom,2021/12/2,10329074,53067,43939.571,173531,123,1.1,43.56
GBR,Europe,United Kingdom,2021/12/3,10379647,50573,44115.143,173678,147,1.1,43.56
GBR,Europe,United Kingdom,2021/12/4,10421104,41457,44385.143,173841,163,1.11,43.56
GBR,Europe,United Kingdom,2021/12/5,10464389,43285,45353.429,173958,117,1.12,43.56
GBR,Europe,United Kingdom,2021/12/6,10515239,50850,46597.143,174101,143,1.13,43.55
GBR,Europe,United Kingdom,2021/12/7,10560341,45102,47367,174233,132,1.13,43.55
GBR,Europe,United Kingdom,2021/12/8,10610958,50617,47850.143,174366,133,1.14,43.55
GBR,Europe,United Kingdom,2021/12/9,10660981,50023,47415.286,174498,132,1.15,43.55
GBR,Europe,United Kingdom,2021/12/10,10719165,58184,48502.571,174619,121,1.17,43.55
GBR,Europe,United Kingdom,2021/12/11,10771444,52279,50048.571,174728,109,1.18,43.54
GBR,Europe,United Kingdom,2021/12/12,10819515,48071,50732.286,174865,137,1.19,43.54
GBR,Europe,United Kingdom,2021/12/13,10873468,53953,51175.571,174978,113,1.21,43.54
GBR,Europe,United Kingdom,2021/12/14,10932545,59077,53172,175130,152,1.22,43.54
GBR,Europe,United Kingdom,2021/12/15,11010286,77741,57046.857,175249,119,1.24,40.75
GBR,Europe,United Kingdom,2021/12/16,11097851,87565,62410,175367,118,1.25,40.75
GBR,Europe,United Kingdom,2021/12/17,11190354,92503,67312.714,175498,131,1.26,40.75
GBR,Europe,United Kingdom,2021/12/18,11279428,89074,72569.143,175604,106,1.27,40.75
GBR,Europe,United Kingdom,2021/12/19,11361387,81959,77410.286,175721,117,1.27,40.74
GBR,Europe,United Kingdom,2021/12/20,11453121,91734,82807.571,175857,136,1.27,40.74
GBR,Europe,United Kingdom,2021/12/21,11542143,89022,87085.429,175969,112,1.27,40.73
GBR,Europe,United Kingdom,2021/12/22,11647473,105330,91026.714,176104,135,1.27,41.28
GBR,Europe,United Kingdom,2021/12/23,11769921,122448,96010,176240,136,1.28,41.28
GBR,Europe,United Kingdom,2021/12/24,11891292,121371,100134,176357,117,1.28,41.28
GBR,Europe,United Kingdom,2021/12/25,12013153,121861,104817.857,176469,112,1.27,41.28
GBR,Europe,United Kingdom,2021/12/26,12132098,118945,110101.571,176584,115,1.27,44.06
GBR,Europe,United Kingdom,2021/12/27,12239797,107699,112382.286,176716,132,1.26,44.06
GBR,Europe,United Kingdom,2021/12/28,12377822,138025,119382.714,176878,162,1.26,44.05
GBR,Europe,United Kingdom,2021/12/29,12559926,182104,130350.429,177008,130,1.25,44.05
GBR,Europe,United Kingdom,2021/12/30,12748050,188124,139732.714,177185,177,1.24,44.04
GBR,Europe,United Kingdom,2021/12/31,12937886,189836,149513.429,177340,155,1.23,44.04
GBR,Europe,United Kingdom,2022/1/1,13100458,162572,155329.286,177514,174,1.21,42.08
GBR,Europe,United Kingdom,2022/1/2,13235401,134943,157614.714,177683,169,1.19,42.08
GBR,Europe,United Kingdom,2022/1/3,13422815,187414,169002.571,177862,179,1.17,42.08
GBR,Europe,United Kingdom,2022/1/4,13641520,218705,180528.286,178063,201,1.15,40.22
GBR,Europe,United Kingdom,2022/1/5,13835334,193814,182201.143,178242,179,1.13,40.21
GBR,Europe,United Kingdom,2022/1/6,14015065,179731,181002.143,178460,218,1.11,40.21
GBR,Europe,United Kingdom,2022/1/7,14193228,178163,179334.571,178685,225,1.08,40.2
GBR,Europe,United Kingdom,2022/1/8,14333794,140566,176190.857,178901,216,1.06,40.2
GBR,Europe,United Kingdom,2022/1/9,14475192,141398,177113,179142,241,1.04,40.19
GBR,Europe,United Kingdom,2022/1/10,14617314,142122,170642.714,179384,242,1.01,40.19
GBR,Europe,United Kingdom,2022/1/11,14732594,115280,155867.714,179617,233,0.99,40.18
GBR,Europe,United Kingdom,2022/1/12,14862138,129544,146686.286,179854,237,0.98,40.18
GBR,Europe,United Kingdom,2022/1/13,14967817,105679,136107.429,180094,240,0.97,40.18
GBR,Europe,United Kingdom,2022/1/14,15066395,98578,124738.143,180328,234,0.96,40.17
GBR,Europe,United Kingdom,2022/1/15,15147120,80725,116189.429,180585,257,0.96,40.16
GBR,Europe,United Kingdom,2022/1/16,15217280,70160,106012.571,180840,255,0.95,40.16
GBR,Europe,United Kingdom,2022/1/17,15305410,88130,98299.429,181071,231,0.95,40.15
GBR,Europe,United Kingdom,2022/1/18,15399300,93890,95243.714,181304,233,0.96,40.15
GBR,Europe,United Kingdom,2022/1/19,15506750,107450,92087.429,181524,220,0.97,40.15
GBR,Europe,United Kingdom,2022/1/20,15613283,106533,92209.429,181725,201,0.98,38.16
GBR,Europe,United Kingdom,2022/1/21,15709059,95776,91809.143,181972,247,1,38.15
GBR,Europe,United Kingdom,2022/1/22,15784488,75429,91052.571,182192,220,1.01,38.14
GBR,Europe,United Kingdom,2022/1/23,15859288,74800,91715.429,182410,218,1.02,38.14
GBR,Europe,United Kingdom,2022/1/24,15953685,94397,92610.714,182636,226,1.03,38.13
GBR,Europe,United Kingdom,2022/1/25,16047716,94031,92630.857,182830,194,1.06,38.12
GBR,Europe,United Kingdom,2022/1/26,16149319,101603,91795.571,183025,195,1.08,38.12
GBR,Europe,United Kingdom,2022/1/27,16245474,96155,90313,183243,218,1.11,36.81
GBR,Europe,United Kingdom,2022/1/28,16333980,88506,89274.429,183444,201,1.14,36.81
GBR,Europe,United Kingdom,2022/1/29,16406123,72143,88805,183625,181,1.17,36.8
GBR,Europe,United Kingdom,2022/1/30,16468522,62399,87033.429,183815,190,1.2,36.8
GBR,Europe,United Kingdom,2022/1/31,17315893,,,184021,206,1.22,36.79
GBR,Europe,United Kingdom,2022/2/1,17428345,112452,76179.714,184225,,1.16,36.79
GBR,Europe,United Kingdom,2022/2/2,17515199,86854,74072.714,184411,186,1.11,36.79
GBR,Europe,United Kingdom,2022/2/3,17607832,92633,73569.571,184601,190,1.05,36.79
GBR,Europe,United Kingdom,2022/2/4,17689885,82053,72647.714,184759,158,1.01,36.78
GBR,Europe,United Kingdom,2022/2/5,17749999,60114,70929.286,184930,171,0.97,36.78
GBR,Europe,United Kingdom,2022/2/6,17803325,53326,69633.143,185087,157,0.93,36.78
GBR,Europe,United Kingdom,2022/2/7,17866632,63307,78677,185226,139,0.89,36.78
GBR,Europe,United Kingdom,2022/2/8,17932803,66171,72065.429,185385,159,0.88,36.77
GBR,Europe,United Kingdom,2022/2/9,18000119,67316,69274.286,185529,144,0.87,36.77
GBR,Europe,United Kingdom,2022/2/10,18162199,162080,79195.286,185652,123,0.86,36.77
GBR,Europe,United Kingdom,2022/2/11,18220515,58316,75804.286,185793,141,0.84,36
GBR,Europe,United Kingdom,2022/2/12,18266015,45500,73716.571,185937,144,0.83,36
GBR,Europe,United Kingdom,2022/2/13,18306859,40844,71933.429,186063,126,0.81,35.99
GBR,Europe,United Kingdom,2022/2/14,18348029,41170,68771,186218,155,0.79,35.99
GBR,Europe,United Kingdom,2022/2/15,18393951,45922,65878.286,186351,133,0.79,29.05
GBR,Europe,United Kingdom,2022/2/16,18447706,53755,63941,186479,128,0.8,29.05
GBR,Europe,United Kingdom,2022/2/17,18499058,51352,48122.714,186603,124,0.8,29.05
GBR,Europe,United Kingdom,2022/2/18,18546205,47147,46527.143,186730,127,0.81,29.05
GBR,Europe,United Kingdom,2022/2/19,18585423,39218,45629.714,186851,121,0.81,29.05
GBR,Europe,United Kingdom,2022/2/20,18616433,31010,44224.857,186974,123,0.82,29.05
GBR,Europe,United Kingdom,2022/2/21,18654572,38139,43791.857,187083,109,0.82,29.04
GBR,Europe,United Kingdom,2022/2/22,18695448,40876,43071,187203,120,0.83,29.04
GBR,Europe,United Kingdom,2022/2/23,18734683,39235,40996.714,187320,117,0.85,29.04
GBR,Europe,United Kingdom,2022/2/24,18773164,38481,39158,187444,124,0.87,29.04
GBR,Europe,United Kingdom,2022/2/25,18804765,31601,36937.143,187564,120,0.9,29.04
GBR,Europe,United Kingdom,2022/2/26,18804765,0,31334.571,187665,101,0.92,29.04
GBR,Europe,United Kingdom,2022/2/27,18804765,0,26904.571,187783,118,0.95,29.04
GBR,Europe,United Kingdom,2022/2/28,18886701,81936,33161.286,187888,105,0.98,23.15
GBR,Europe,United Kingdom,2022/3/1,18985568,98867,41445.714,187994,106,1.01,23.15
GBR,Europe,United Kingdom,2022/3/2,19029321,43753,42091.143,188139,145,1.03,23.15
GBR,Europe,United Kingdom,2022/3/3,19074696,45375,43076,188243,104,1.05,23.15
GBR,Europe,United Kingdom,2022/3/4,19119181,44485,44916.571,188353,110,1.07,23.15
GBR,Europe,United Kingdom,2022/3/5,19119181,0,44916.571,188454,101,1.09,23.15
GBR,Europe,United Kingdom,2022/3/6,19119181,0,44916.571,188547,93,1.11,23.15
GBR,Europe,United Kingdom,2022/3/7,19245301,126120,51228.571,188671,124,1.13,23.15
GBR,Europe,United Kingdom,2022/3/8,19307014,61713,45920.857,188789,118,1.15,23.15
GBR,Europe,United Kingdom,2022/3/9,19373884,66870,49223.286,188896,107,1.16,23.15
GBR,Europe,United Kingdom,2022/3/10,19457976,84092,54754.286,189010,114,1.18,23.15
GBR,Europe,United Kingdom,2022/3/11,19530485,72509,58757.714,189131,121,1.18,23.15
GBR,Europe,United Kingdom,2022/3/12,19530485,0,58757.714,189250,119,1.19,23.15
GBR,Europe,United Kingdom,2022/3/13,19530485,0,58757.714,189359,109,1.2,23.15
GBR,Europe,United Kingdom,2022/3/14,19700952,170467,65093,189499,140,1.21,23.15
GBR,Europe,United Kingdom,2022/3/15,19820181,119229,73309.571,189620,121,1.21,23.15
GBR,Europe,United Kingdom,2022/3/16,19911155,90974,76753,189766,146,1.2,23.15
GBR,Europe,United Kingdom,2022/3/17,20001627,90472,77664.429,189904,138,1.19,23.15
GBR,Europe,United Kingdom,2022/3/18,20093762,92135,80468.143,190071,167,1.18,20.37
GBR,Europe,United Kingdom,2022/3/19,20093762,0,80468.143,190236,165,1.17,20.37
GBR,Europe,United Kingdom,2022/3/20,20093762,0,80468.143,190404,168,1.16,20.37
GBR,Europe,United Kingdom,2022/3/21,20319434,225672,88354.571,190563,159,1.15,20.37
GBR,Europe,United Kingdom,2022/3/22,20413731,94297,84792.857,190728,165,1.13,20.37
GBR,Europe,United Kingdom,2022/3/23,20515998,102267,86406.143,190884,156,1.11,20.37
GBR,Europe,United Kingdom,2022/3/24,20613817,97819,87455.714,191047,163,1.09,20.37
GBR,Europe,United Kingdom,2022/3/25,20691123,77306,85337.286,191226,179,1.07,20.37
GBR,Europe,United Kingdom,2022/3/26,20691123,0,85337.286,191386,160,1.05,20.37
GBR,Europe,United Kingdom,2022/3/27,20691123,0,85337.286,191543,157,1.04,20.37
GBR,Europe,United Kingdom,2022/3/28,20905515,214392,83725.857,191718,175,1.02,20.37
GBR,Europe,United Kingdom,2022/3/29,20986171,80656,81777.143,191909,191,0.99,20.37
GBR,Europe,United Kingdom,2022/3/30,21073009,86838,79573,192088,179,0.97,20.37
GBR,Europe,United Kingdom,2022/3/31,21147425,74416,76229.714,192277,189,0.95,20.37
GBR,Europe,United Kingdom,2022/4/1,21216874,69449,75107.286,192480,203,0.93,20.37
GBR,Europe,United Kingdom,2022/4/2,21216874,0,75107.286,192668,188,0.91,20.37
GBR,Europe,United Kingdom,2022/4/3,21216874,0,75107.286,192854,186,0.89,20.37
GBR,Europe,United Kingdom,2022/4/4,21359681,142807,64880.857,193026,172,0.87,20.37
GBR,Europe,United Kingdom,2022/4/5,21410305,50624,60590.571,193226,200,0.85,20.37
GBR,Europe,United Kingdom,2022/4/6,21461556,51251,55506.714,193421,,0.84,20.37
GBR,Europe,United Kingdom,2022/4/7,21508546,46990,51588.714,193652,231,0.83,20.37
GBR,Europe,United Kingdom,2022/4/8,21549830,41284,47565.143,193888,236,0.82,20.37
GBR,Europe,United Kingdom,2022/4/9,21549830,0,47565.143,194059,171,0.81,20.37
GBR,Europe,United Kingdom,2022/4/10,21549830,0,47565.143,194255,196,0.79,20.37
GBR,Europe,United Kingdom,2022/4/11,21641004,91174,40189,194440,185,0.78,20.37
GBR,Europe,United Kingdom,2022/4/12,21679280,38276,38425,194635,195,0.77,20.37
GBR,Europe,United Kingdom,2022/4/13,21715116,35836,36222.857,194854,219,0.77,20.37
GBR,Europe,United Kingdom,2022/4/14,21747638,32522,34156,195045,191,0.77,20.37
GBR,Europe,United Kingdom,2022/4/15,21747638,0,28258.286,195213,168,0.77,20.37
GBR,Europe,United Kingdom,2022/4/16,21747638,0,28258.286,195377,164,0.77,20.37
GBR,Europe,United Kingdom,2022/4/17,21747638,0,28258.286,195537,160,0.78,20.37
GBR,Europe,United Kingdom,2022/4/18,21747638,0,15233.429,195707,170,0.79,12.96
GBR,Europe,United Kingdom,2022/4/19,21863944,116306,26380.571,195862,155,0.81,11.11
GBR,Europe,United Kingdom,2022/4/20,21890037,26093,24988.714,196020,158,0.8,11.11
GBR,Europe,United Kingdom,2022/4/21,21909509,19472,23124.429,196181,161,0.79,11.11
GBR,Europe,United Kingdom,2022/4/22,21933206,23697,26509.714,196327,146,0.79,11.11
GBR,Europe,United Kingdom,2022/4/23,21933206,0,26509.714,196471,144,0.78,11.11
GBR,Europe,United Kingdom,2022/4/24,21933206,0,26509.714,196601,130,0.76,11.11
GBR,Europe,United Kingdom,2022/4/25,21978198,44992,32937.143,196730,129,0.76,11.11
GBR,Europe,United Kingdom,2022/4/26,21994809,16611,18695,196853,123,0.74,11.11
GBR,Europe,United Kingdom,2022/4/27,22011920,17111,17411.857,196986,133,0.74,11.11
GBR,Europe,United Kingdom,2022/4/28,22025925,14005,16630.857,197115,129,0.74,11.11
GBR,Europe,United Kingdom,2022/4/29,22038340,12415,15019.143,197222,107,0.75,11.11
GBR,Europe,United Kingdom,2022/4/30,22038340,0,15019.143,197328,106,0.75,11.11
GBR,Europe,United Kingdom,2022/5/1,22038340,0,15019.143,197438,110,0.75,11.11
GBR,Europe,United Kingdom,2022/5/2,22038340,0,8591.714,197544,106,0.75,11.11
GBR,Europe,United Kingdom,2022/5/3,22073858,35518,11292.714,197648,104,0.78,11.11
GBR,Europe,United Kingdom,2022/5/4,22090523,16665,11229,197737,89,0.79,11.11
GBR,Europe,United Kingdom,2022/5/5,22102983,12460,11008.286,197821,84,0.8,11.11
GBR,Europe,United Kingdom,2022/5/6,22114034,11051,10813.429,197915,94,0.81,11.11
GBR,Europe,United Kingdom,2022/5/7,22114034,0,10813.429,198016,101,0.81,11.11
GBR,Europe,United Kingdom,2022/5/8,22114034,0,10813.429,198097,81,0.82,11.11
GBR,Europe,United Kingdom,2022/5/9,22140287,26253,14563.857,198176,79,0.82,11.11
GBR,Europe,United Kingdom,2022/5/10,22150700,10413,10977.429,198272,96,0.83,11.11
GBR,Europe,United Kingdom,2022/5/11,22158820,8120,9756.714,198350,78,0.84,11.11
GBR,Europe,United Kingdom,2022/5/12,22173620,14800,10091,198420,70,0.85,11.11
GBR,Europe,United Kingdom,2022/5/13,22180207,6587,9453.286,198491,71,0.86,11.11
GBR,Europe,United Kingdom,2022/5/14,22180207,0,9453.286,198555,64,0.87,11.11
GBR,Europe,United Kingdom,2022/5/15,22180207,0,9453.286,198625,70,0.88,11.11
GBR,Europe,United Kingdom,2022/5/16,22203799,23592,9073.143,198691,66,0.89,11.11
GBR,Europe,United Kingdom,2022/5/17,22212395,8596,8813.571,198762,71,0.9,11.11
GBR,Europe,United Kingdom,2022/5/18,22220178,7783,8765.429,198808,46,0.91,11.11
GBR,Europe,United Kingdom,2022/5/19,22232377,12199,8393.857,198853,45,0.93,11.11
GBR,Europe,United Kingdom,2022/5/20,22238713,6336,8358,198923,70,0.94,11.11
GBR,Europe,United Kingdom,2022/5/21,22238713,0,8358,198972,49,0.96,11.11
GBR,Europe,United Kingdom,2022/5/22,22238713,0,8358,199029,57,0.97,11.11
GBR,Europe,United Kingdom,2022/5/23,22264680,25967,8697.286,199091,62,0.98,11.11
GBR,Europe,United Kingdom,2022/5/24,22271122,6442,8389.571,199142,51,0.98,11.11
GBR,Europe,United Kingdom,2022/5/25,22276975,5853,8113.857,199176,34,1,11.11
GBR,Europe,United Kingdom,2022/5/26,22273040,,,199219,43,1.01,11.11
GBR,Europe,United Kingdom,2022/5/27,22277696,4656,6131.143,199262,43,1.03,11.11
GBR,Europe,United Kingdom,2022/5/28,22277696,0,6131.143,199296,34,1.05,11.11
GBR,Europe,United Kingdom,2022/5/29,22277696,0,6131.143,199323,27,1.07,11.11
GBR,Europe,United Kingdom,2022/5/30,22294786,17090,4863,199374,51,1.08,11.11
GBR,Europe,United Kingdom,2022/5/31,22300587,5801,4771.429,199423,49,1.1,11.11
GBR,Europe,United Kingdom,2022/6/1,22305893,5306,4693.286,199449,26,1.13,11.11
GBR,Europe,United Kingdom,2022/6/2,22305893,0,4693.286,199496,47,1.16,11.11
GBR,Europe,United Kingdom,2022/6/3,22305893,0,4028.143,199522,26,1.21,11.11
GBR,Europe,United Kingdom,2022/6/4,22305893,0,4028.143,199559,37,1.27,11.11
GBR,Europe,United Kingdom,2022/6/5,22305893,0,4028.143,199589,30,1.33,11.11
GBR,Europe,United Kingdom,2022/6/6,22338946,33053,6308.571,199631,42,1.38,11.11
GBR,Europe,United Kingdom,2022/6/7,22349183,10237,6942.286,199662,31,1.38,11.11
GBR,Europe,United Kingdom,2022/6/8,22363067,13884,8167.714,199702,40,1.37,11.11
GBR,Europe,United Kingdom,2022/6/9,22373146,10079,9607.571,199729,27,1.37,11.11
GBR,Europe,United Kingdom,2022/6/10,22382352,9206,10922.714,199773,44,1.37,11.11
GBR,Europe,United Kingdom,2022/6/11,22382352,0,10922.714,199806,33,1.36,11.11
GBR,Europe,United Kingdom,2022/6/12,22382352,0,10922.714,199849,43,1.36,11.11
GBR,Europe,United Kingdom,2022/6/13,22410583,28231,10233.857,199888,39,1.36,11.11
GBR,Europe,United Kingdom,2022/6/14,22422611,12028,10489.714,199923,35,1.35,11.11
GBR,Europe,United Kingdom,2022/6/15,22447911,25300,12120.571,199967,44,1.35,11.11
GBR,Europe,United Kingdom,2022/6/16,22460449,12538,12471.857,200021,54,1.34,11.11
GBR,Europe,United Kingdom,2022/6/17,22472503,12054,12878.714,200064,43,1.33,11.11
GBR,Europe,United Kingdom,2022/6/18,22472503,0,12878.714,200108,44,1.32,11.11
GBR,Europe,United Kingdom,2022/6/19,22472503,0,12878.714,200153,45,1.32,11.11
GBR,Europe,United Kingdom,2022/6/20,22508928,36425,14049.286,200199,46,1.31,11.11
GBR,Europe,United Kingdom,2022/6/21,22525358,16430,14678.143,200255,56,1.29,11.11
GBR,Europe,United Kingdom,2022/6/22,22558085,32727,15739.143,200325,70,1.28,11.11
GBR,Europe,United Kingdom,2022/6/23,22576354,18269,16557.857,200385,60,1.26,11.11
GBR,Europe,United Kingdom,2022/6/24,22592827,16473,17189.143,200432,47,1.25,11.11
GBR,Europe,United Kingdom,2022/6/25,22592827,0,17189.143,200502,70,1.23,11.11
GBR,Europe,United Kingdom,2022/6/26,22592827,0,17189.143,200569,67,1.22,11.11
GBR,Europe,United Kingdom,2022/6/27,22640130,47303,18743.143,200630,61,1.2,11.11
GBR,Europe,United Kingdom,2022/6/28,22661542,21412,19454.857,200699,69,1.17,11.11
GBR,Europe,United Kingdom,2022/6/29,22697437,35895,19907.429,200783,84,1.13,11.11
GBR,Europe,United Kingdom,2022/6/30,22720345,22908,20570.143,200857,74,1.1,11.11
GBR,Europe,United Kingdom,2022/7/1,22741065,20720,21176.857,200935,78,1.08,11.11
GBR,Europe,United Kingdom,2022/7/2,22741065,0,21176.857,201024,89,1.04,11.11
GBR,Europe,United Kingdom,2022/7/3,22741065,0,21176.857,201092,68,1.01,11.11
GBR,Europe,United Kingdom,2022/7/4,22741065,0,14419.286,201179,87,0.97,11.11
GBR,Europe,United Kingdom,2022/7/5,22741065,0,11360.429,201280,101,0.96,11.11
GBR,Europe,United Kingdom,2022/7/6,22883995,142930,26651.143,201388,108,0.95,11.11
GBR,Europe,United Kingdom,2022/7/7,22883995,0,23378.571,201486,98,0.94,11.11
GBR,Europe,United Kingdom,2022/7/8,22883995,0,20418.571,201588,102,0.94,11.11
GBR,Europe,United Kingdom,2022/7/9,22883995,0,20418.571,201691,103,0.94,11.11
GBR,Europe,United Kingdom,2022/7/10,22883995,0,20418.571,201807,116,0.93,11.11
GBR,Europe,United Kingdom,2022/7/11,22883995,0,20418.571,201930,123,0.93,11.11
GBR,Europe,United Kingdom,2022/7/12,22883995,0,20418.571,202078,148,0.94,11.11
GBR,Europe,United Kingdom,2022/7/13,23074908,190913,27273.286,202208,130,0.96,11.11
GBR,Europe,United Kingdom,2022/7/14,23074908,0,27273.286,202328,120,0.97,11.11
GBR,Europe,United Kingdom,2022/7/15,23074908,0,27273.286,202430,102,0.98,11.11
GBR,Europe,United Kingdom,2022/7/16,23074908,0,27273.286,202543,113,1,11.11
GBR,Europe,United Kingdom,2022/7/17,23074908,0,27273.286,202699,156,1.01,11.11
GBR,Europe,United Kingdom,2022/7/18,23074908,0,27273.286,202823,124,1.03,11.11
GBR,Europe,United Kingdom,2022/7/19,23074908,0,27273.286,203036,213,1.06,11.11
GBR,Europe,United Kingdom,2022/7/20,23212569,137661,19665.857,203222,186,1.09,11.11
GBR,Europe,United Kingdom,2022/7/21,23212569,0,19665.857,203344,122,1.08,11.11
GBR,Europe,United Kingdom,2022/7/22,23212569,0,19665.857,203458,114,1.06,11.11
GBR,Europe,United Kingdom,2022/7/23,23212569,0,19665.857,203582,124,1.05,11.11
GBR,Europe,United Kingdom,2022/7/24,23212569,0,19665.857,203711,129,1.05,11.11
GBR,Europe,United Kingdom,2022/7/25,23212569,0,19665.857,203823,112,1.04,11.11
GBR,Europe,United Kingdom,2022/7/26,23212569,0,19665.857,203942,119,1.04,11.11
GBR,Europe,United Kingdom,2022/7/27,23304483,91914,13130.571,204054,112,1.04,11.11
GBR,Europe,United Kingdom,2022/7/28,23304483,0,13130.571,204174,120,1.03,11.11
GBR,Europe,United Kingdom,2022/7/29,23304483,0,13130.571,204285,111,1.03,11.11
GBR,Europe,United Kingdom,2022/7/30,23304483,0,13130.571,204360,75,1.02,11.11
GBR,Europe,United Kingdom,2022/7/31,23304483,0,13130.571,204455,95,1.02,11.11
GBR,Europe,United Kingdom,2022/8/1,23304483,0,13130.571,204545,90,1.02,11.11
GBR,Europe,United Kingdom,2022/8/2,23304483,0,13130.571,204645,100,1.02,11.11
GBR,Europe,United Kingdom,2022/8/3,23368903,64420,9202.857,204748,103,1.02,11.11
GBR,Europe,United Kingdom,2022/8/4,23368903,0,9202.857,204828,80,1.02,11.11
GBR,Europe,United Kingdom,2022/8/5,23368903,0,9202.857,204909,81,1.02,11.11
GBR,Europe,United Kingdom,2022/8/6,23368903,0,9202.857,204975,66,1.02,11.11
GBR,Europe,United Kingdom,2022/8/7,23368903,0,9202.857,205073,98,1.03,11.11
GBR,Europe,United Kingdom,2022/8/8,23368903,0,9202.857,205167,94,1.03,11.11
GBR,Europe,United Kingdom,2022/8/9,23368903,0,9202.857,205254,87,1.04,11.11
GBR,Europe,United Kingdom,2022/8/10,23420830,51927,7418.143,205327,73,1.05,11.11
GBR,Europe,United Kingdom,2022/8/11,23420830,0,7418.143,205423,96,1.04,11.11
GBR,Europe,United Kingdom,2022/8/12,23420830,0,7418.143,205526,103,1.03,11.11
GBR,Europe,United Kingdom,2022/8/13,23420830,0,7418.143,205613,87,1.03,11.11
GBR,Europe,United Kingdom,2022/8/14,23420830,0,7418.143,205703,90,1.04,11.11
GBR,Europe,United Kingdom,2022/8/15,23420830,0,7418.143,205789,86,1.04,11.11
GBR,Europe,United Kingdom,2022/8/16,23420830,0,7418.143,205858,69,1.05,11.11
GBR,Europe,United Kingdom,2022/8/17,23460791,39961,5708.714,205914,56,1.05,11.11
GBR,Europe,United Kingdom,2022/8/18,23460791,0,5708.714,205974,60,1.03,5.56
GBR,Europe,United Kingdom,2022/8/19,23460791,0,5708.714,206042,68,1.03,5.56
GBR,Europe,United Kingdom,2022/8/20,23460791,0,5708.714,206115,73,1.02,5.56
GBR,Europe,United Kingdom,2022/8/21,23460791,0,5708.714,206173,58,1.02,5.56
GBR,Europe,United Kingdom,2022/8/22,23460791,0,5708.714,206235,,1.03,5.56
GBR,Europe,United Kingdom,2022/8/23,23460791,0,5708.714,206312,77,1.03,5.56
GBR,Europe,United Kingdom,2022/8/24,23460791,0,0,206364,52,1.04,5.56
GBR,Europe,United Kingdom,2022/8/25,23492879,32088,4584,206411,47,1.1,5.56
GBR,Europe,United Kingdom,2022/8/26,23492879,0,4584,206452,41,1.08,5.56
GBR,Europe,United Kingdom,2022/8/27,23492879,0,4584,206507,55,1.05,5.56
GBR,Europe,United Kingdom,2022/8/28,23492879,0,4584,206563,56,1.03,5.56
GBR,Europe,United Kingdom,2022/8/29,23492879,0,4584,206617,54,1.01,5.56
GBR,Europe,United Kingdom,2022/8/30,23492879,0,4584,206657,40,1,5.56
GBR,Europe,United Kingdom,2022/8/31,23521796,28917,8715,206728,71,0.98,5.56
GBR,Europe,United Kingdom,2022/9/1,23521796,0,4131,206770,42,0.9,5.56
GBR,Europe,United Kingdom,2022/9/2,23521796,0,4131,206815,45,0.86,5.56
GBR,Europe,United Kingdom,2022/9/3,23521796,0,4131,206867,52,0.82,5.56
GBR,Europe,United Kingdom,2022/9/4,23521796,0,4131,206909,42,0.78,5.56
GBR,Europe,United Kingdom,2022/9/5,23521796,0,4131,206948,39,0.74,5.56
GBR,Europe,United Kingdom,2022/9/6,23521796,0,4131,206985,37,0.69,5.56
GBR,Europe,United Kingdom,2022/9/7,23521796,0,0,207042,57,0.65,5.56
GBR,Europe,United Kingdom,2022/9/8,23554523,32727,4675.286,207087,45,0.64,5.56
GBR,Europe,United Kingdom,2022/9/9,23554523,0,4675.286,207124,37,0.63,5.56
GBR,Europe,United Kingdom,2022/9/10,23554523,0,4675.286,207166,42,0.61,5.56
GBR,Europe,United Kingdom,2022/9/11,23554523,0,4675.286,207195,29,0.6,5.56
GBR,Europe,United Kingdom,2022/9/12,23554523,0,4675.286,207236,41,0.58,5.56
GBR,Europe,United Kingdom,2022/9/13,23554523,0,4675.286,207282,46,0.56,5.56
GBR,Europe,United Kingdom,2022/9/14,23554523,0,4675.286,207323,41,0.54,5.56
GBR,Europe,United Kingdom,2022/9/15,23585309,30786,4398,207365,42,0.54,5.56
GBR,Europe,United Kingdom,2022/9/16,23585309,0,4398,207401,36,0.54,5.56
GBR,Europe,United Kingdom,2022/9/17,23585309,0,4398,207438,37,0.54,5.56
GBR,Europe,United Kingdom,2022/9/18,23585309,0,4398,207474,36,0.53,5.56
GBR,Europe,United Kingdom,2022/9/19,23585309,0,4398,207520,46,0.53,5.56
GBR,Europe,United Kingdom,2022/9/20,23585309,0,4398,207564,44,0.52,5.56
GBR,Europe,United Kingdom,2022/9/21,23585309,0,4398,207597,33,0.51,5.56
GBR,Europe,United Kingdom,2022/9/22,23621956,36647,5235.286,207642,45,0.51,5.56
GBR,Europe,United Kingdom,2022/9/23,23621956,0,5235.286,207686,44,0.51,5.56
GBR,Europe,United Kingdom,2022/9/24,23621956,0,5235.286,207721,35,0.51,5.56
GBR,Europe,United Kingdom,2022/9/25,23621956,0,5235.286,207753,32,0.51,5.56
GBR,Europe,United Kingdom,2022/9/26,23621956,0,5235.286,207803,50,0.5,5.56
GBR,Europe,United Kingdom,2022/9/27,23621956,0,5235.286,207854,51,0.49,5.56
GBR,Europe,United Kingdom,2022/9/28,23621956,0,5235.286,207894,40,0.49,5.56
GBR,Europe,United Kingdom,2022/9/29,23672856,50900,7271.429,207931,37,0.49,5.56
GBR,Europe,United Kingdom,2022/9/30,23672856,0,7271.429,207948,17,0.49,5.56
GBR,Europe,United Kingdom,2022/10/1,23672856,0,7271.429,207948,0,0.49,5.56
GBR,Europe,United Kingdom,2022/10/2,23672856,0,7271.429,207948,0,0.49,5.56
GBR,Europe,United Kingdom,2022/10/3,23672856,0,7271.429,207948,0,0.48,5.56
GBR,Europe,United Kingdom,2022/10/4,23672856,0,7271.429,207948,0,0.48,5.56
GBR,Europe,United Kingdom,2022/10/5,23672856,0,7271.429,207948,0,0.48,5.56
GBR,Europe,United Kingdom,2022/10/6,23735277,62421,8917.286,207948,0,,
GBR,Europe,United Kingdom,2022/10/7,23735277,0,8917.286,207948,0,,
GBR,Europe,United Kingdom,2022/10/8,23735277,0,8917.286,207948,0,,
GBR,Europe,United Kingdom,2022/10/9,23735277,0,8917.286,207948,0,,
GBR,Europe,United Kingdom,2022/10/10,23735277,0,8917.286,207948,0,,
GBR,Europe,United Kingdom,2022/10/11,23735277,0,8917.286,207948,0,,
GBR,Europe,United Kingdom,2022/10/12,23735277,0,8917.286,207948,0,,
GBR,Europe,United Kingdom,2022/10/13,23798797,63520,9074.286,207948,0,,
GBR,Europe,United Kingdom,2022/10/14,23798797,,,207948,0,,
GBR,Europe,United Kingdom,2022/10/15,23798797,,,207948,0,,
GBR,Europe,United Kingdom,2022/10/16,23798797,,,207948,0,,
GBR,Europe,United Kingdom,2022/10/17,23798797,,,207948,0,,
GBR,Europe,United Kingdom,2022/10/18,23798797,,,207948,0,,
GBR,Europe,United Kingdom,2022/10/19,23798797,,,207948,0,,